iso2,centroid.lon,centroid.lat,capital.lon,capital.lat
AF,65.0,33.0,69.18,34.52
AF,66.0,33.0,69.18,34.52
AF,65.216,33.677,69.18,34.52
AX,19.952,60.198,,
AX,20.0,60.25,,
AL,20.0,41.0,19.82,41.32
AL,20.068,41.143,19.82,41.32
DZ,3.0,28.0,3.05,36.75
DZ,2.632,28.163,3.05,36.75
AS,-170.73,-14.318,-170.7,-14.27
AS,-170.0,-14.3333333333,-170.7,-14.27
AD,1.5,42.5,1.52,42.5
AD,1.508,42.5,1.52,42.5
AD,1.583333,42.55,1.52,42.5
AD,1.583,42.55,1.52,42.5
AD,1.576,42.549,1.52,42.5
AO,18.5,-12.5,13.22,-8.83
AO,17.544,-12.296,13.22,-8.83
AI,-63.05,18.2167,-63.05,18.22
AI,-63.05,18.216667,-63.05,18.22
AI,-63.032,18.237,-63.05,18.22
AI,-63.1666666667,18.25,-63.05,18.22
,-68.87,12.123,,
AQ,65.725,-83.843,,
AQ,0.0,-90.0,,
AQ,21.304,-80.446,,
AG,-61.8,17.05,-61.85,17.12
AG,-61.783,17.078,-61.85,17.12
AR,-64.0,-34.0,-58.67,-34.58
AR,-65.167,-35.377,-58.67,-34.58
AM,45.0,40.25,44.5,40.17
AM,45.0,40.0,44.5,40.17
AM,44.563,40.534,44.5,40.17
AW,-69.966667,12.5,-70.03,12.52
AW,-69.9667,12.5,-70.03,12.52
AW,-69.9666666667,12.5,-70.03,12.52
AW,-69.977,12.517,-70.03,12.52
AU,135.0,-25.0,149.13,-35.27
AU,133.0,-27.0,149.13,-35.27
AU,136.189,-24.973,149.13,-35.27
AT,13.3333,47.3333,16.37,48.2
AT,13.333333,47.333333,16.37,48.2
AT,13.3333333333,47.3333333333,16.37,48.2
AT,14.912,47.683,16.37,48.2
AZ,47.5,40.5,49.87,40.38
AZ,47.395,40.43,49.87,40.38
BS,-76.0,24.25,-77.35,25.08
BS,-78.014,24.628,-77.35,25.08
BH,50.55,26.033333,50.57,26.23
BH,50.5,26.0,50.57,26.23
BH,50.55,26.0,50.57,26.23
BH,50.562,26.019,50.57,26.23
BD,90.0,24.0,90.4,23.72
BD,89.941,24.218,90.4,23.72
BB,-59.533333,13.166667,-59.62,13.1
BB,-59.5333,13.1667,-59.62,13.1
BB,-59.5333333333,13.1666666667,-59.62,13.1
BB,-59.559,13.153,-59.62,13.1
BY,28.0,53.0,27.57,53.9
BY,28.047,53.54,27.57,53.9
BE,4.0,50.8333,4.33,50.83
BE,4.5,50.75,4.33,50.83
BE,4.664,50.643,4.33,50.83
BE,4.0,50.8333333333,4.33,50.83
BZ,-88.75,17.25,-88.77,17.25
BZ,-88.237,17.533,-88.77,17.25
BZ,-88.602,17.219,-88.77,17.25
BJ,2.25,9.5,2.62,6.48
BJ,2.469,10.541,2.62,6.48
BM,-64.75,32.333333,-64.78,32.28
BM,-64.75,32.3333333333,-64.78,32.28
BM,-64.709,32.336,-64.78,32.28
BT,90.5,27.5,89.63,27.47
BT,90.429,27.415,89.63,27.47
BO,-65.0,-17.0,-68.15,-16.5
BO,-64.671,-16.715,-68.15,-16.5
BA,17.786,44.169,18.42,43.87
BA,18.0,44.0,18.42,43.87
BW,24.0,-22.0,25.9,-24.63
BW,23.815,-22.182,25.9,-24.63
BV,3.412,-54.422,,
BV,3.4,-54.4333333333,,
BR,-55.0,-10.0,-47.92,-15.78
BR,-53.089,-10.772,-47.92,-15.78
IO,71.5,-6.0,,
IO,72.416,-7.335,,
VG,-64.39,18.483,-64.62,18.42
VG,-64.5,18.5,-64.62,18.42
BN,114.6667,4.5,114.93,4.88
BN,114.666667,4.5,114.93,4.88
BN,114.9333,4.8833,114.93,4.88
BN,114.666666667,4.5,114.93,4.88
BN,114.591,4.468,114.93,4.88
BG,25.25,42.666667,23.32,42.68
BG,25.25,42.666,23.32,42.68
BG,25.0,43.0,23.32,42.68
BG,25.231,42.761,23.32,42.68
BF,-1.74,12.278,-1.52,12.37
BF,-2.0,13.0,-1.52,12.37
MM,96.0,21.0,96.15,16.8
BI,30.0,-3.5,29.35,-3.37
BI,29.887,-3.356,29.35,-3.37
KH,105.0,13.0,104.92,11.55
KH,104.564,12.714,104.92,11.55
CM,12.0,6.0,11.52,3.87
CM,12.5,6.0,11.52,3.87
CM,12.277,5.133,11.52,3.87
CA,-96.0,60.0,-75.7,45.42
CA,-95.0,60.0,-75.7,45.42
CA,-109.433,59.081,-75.7,45.42
CV,-24.0,16.0,-23.52,14.92
CV,-23.634,15.071,-23.52,14.92
BQ,-68.25,12.1666666667,,
KY,-81.198,19.314,-81.38,19.3
KY,-80.5,19.5,-81.38,19.3
CF,21.0,7.0,18.58,4.37
CF,20.483,6.571,18.58,4.37
TD,19.0,15.0,15.03,12.1
TD,18.665,15.361,15.03,12.1
CL,-71.0,-30.0,-70.67,-33.45
CL,-69.9825,-27.031363,-70.67,-33.45
CL,-69.433,-23.389,-70.67,-33.45
CN,105.0,35.0,116.38,39.92
CN,106.514,33.42,116.38,39.92
CX,105.704,-10.444,105.72,-10.42
CX,105.666666667,-10.5,105.72,-10.42
CC,96.8333333333,-12.5,96.83,-12.17
CC,96.839,-12.173,96.83,-12.17
CO,-74.8167,3.4,-74.08,4.6
CO,-73.25,4.0,-74.08,4.6
CO,-72.0,4.0,-74.08,4.6
CO,-73.076,3.9,-74.08,4.6
KM,43.833333,-12.0,43.23,-11.7
KM,44.25,-12.1666666667,43.23,-11.7
KM,43.337,-11.758,43.23,-11.7
CG,15.0,-1.0,15.28,-4.25
CG,15.986,-0.055,15.28,-4.25
CD,25.0,0.0166666666667,15.3,-4.32
CD,23.654,-2.876,15.3,-4.32
CK,-159.766666667,-21.2333333333,-159.77,-21.2
CK,-159.782,-21.219,-159.77,-21.2
CR,-83.946,9.971,-84.08,9.93
CR,-84.0,10.0,-84.08,9.93
CI,-5.556,7.632,-5.27,6.82
CI,-5.0,8.0,-5.27,6.82
HR,15.5,45.1667,16.0,45.8
HR,15.5,45.166667,16.0,45.8
HR,15.5,45.1666666667,16.0,45.8
HR,16.693,45.723,16.0,45.8
CU,-81.3,22.733333,-82.35,23.12
CU,-79.5,22.0,-82.35,23.12
CU,-80.0,21.5,-82.35,23.12
CU,-77.781,21.297,-82.35,23.12
CW,-69.0,12.1666666667,,
CW,-69.0,12.166667,,
CW,-68.966667,12.166667,,
CY,33.0,35.0,33.37,35.17
CY,33.219,35.043,33.37,35.17
CZ,15.0,49.75,14.47,50.08
CZ,14.5,50.0,14.47,50.08
CZ,15.338,49.743,14.47,50.08
CZ,15.5,49.75,14.47,50.08
DK,10.0,56.0,12.58,55.67
DK,9.264,56.058,12.58,55.67
DJ,43.1667,11.55,43.15,11.58
DJ,42.5,11.5,43.15,11.58
DJ,42.5,11.833333,43.15,11.58
DJ,42.516,11.9,43.15,11.58
DJ,43.0,11.5,43.15,11.58
DM,-61.35,15.433333,-61.4,15.3
DM,-61.3333,15.5,-61.4,15.3
DM,-61.3333333333,15.4166666667,-61.4,15.3
DM,-61.356,15.475,-61.4,15.3
DO,-70.6666666667,19.0,-69.9,18.47
DO,-70.729,19.015,-69.9,18.47
EC,-78.25,-1.25,-78.5,-0.22
EC,-77.5,-2.0,-78.5,-0.22
EC,-78.497,-1.385,-78.5,-0.22
EG,30.0,27.0,31.25,30.05
EG,29.872,26.494,31.25,30.05
SV,-88.866,13.736,-89.2,13.7
SV,-88.9166666667,13.8333333333,-89.2,13.7
GQ,10.0,2.0,8.78,3.75
GQ,10.488,1.607,8.78,3.75
ER,39.0,15.0,38.93,15.33
ER,38.219,16.045,38.93,15.33
EE,26.0,59.0,24.72,59.43
EE,25.793,58.674,24.72,59.43
ET,39.5,9.0,38.7,9.03
ET,39.0,8.0,38.7,9.03
ET,39.616,8.626,38.7,9.03
ET,38.0,8.0,38.7,9.03
FK,-58.694,-51.665,-57.85,-51.7
FK,-59.0,-51.75,-57.85,-51.7
FO,-7.0,62.0,-6.77,62.0
FO,-6.864,62.05,-6.77,62.0
FJ,178.0,-18.0,178.42,-18.13
FJ,177.974,-17.819,178.42,-18.13
FJ,175.0,-18.0,178.42,-18.13
FI,26.0,64.0,24.93,60.17
FI,26.272,64.504,24.93,60.17
FR,2.0,46.0,2.33,48.87
FR,0.447725,44.637619,2.33,48.87
FR,2.55,46.565,2.33,48.87
GF,-53.241,3.924,,
GF,-53.0,4.0,,
PF,-140.0,-15.0,-149.57,-17.53
PF,-149.462,-17.626,-149.57,-17.53
TF,77.5333333333,-37.8333333333,,
TF,69.117,-49.302,,
GA,11.75,-1.0,9.45,0.38
GA,11.797,-0.591,9.45,0.38
GM,-15.386,13.453,-16.57,13.45
GM,-16.5666666667,13.4666666667,-16.57,13.45
GE,43.5,42.0,44.83,41.68
GE,43.499905,41.999981,44.83,41.68
GE,43.518,42.176,44.83,41.68
DE,10.5,51.5,13.4,52.52
DE,9.0,51.0,13.4,52.52
DE,9.851,51.11,13.4,52.52
GH,-1.0,8.0,-0.22,5.55
GH,-2.0,8.0,-0.22,5.55
GH,-1.207,7.96,-0.22,5.55
GI,-5.35,36.133333,-5.35,36.13
GI,-5.35,36.1333,-5.35,36.13
GI,-5.345,36.138,-5.35,36.13
GI,-5.35,36.1333333333,-5.35,36.13
GR,22.0,39.0,23.73,37.98
GR,21.766,39.666,23.73,37.98
GL,-40.0,72.0,-51.75,64.18
GL,-41.391,74.719,-51.75,64.18
GD,-61.6667,12.1167,-61.75,12.05
GD,-61.678,12.118,-61.75,12.05
GD,-61.6666666667,12.1166666667,-61.75,12.05
GP,-61.5833,16.25,,
GP,-61.441,16.286,,
GP,-61.5833333333,16.25,,
GU,144.707,13.385,144.73,13.47
GU,144.783333333,13.4666666667,144.73,13.47
GT,-90.3667,14.6333,-90.52,14.62
GT,-90.25,15.5,-90.52,14.62
GT,-90.5,14.6667,-90.52,14.62
GT,-90.398,15.256,-90.52,14.62
GG,-2.58333333333,49.4666666667,-2.53,49.45
GG,-2.576,49.459,-2.53,49.45
GN,-10.0,5.0,-13.7,9.5
GN,-10.0,11.0,-13.7,9.5
GN,-10.666667,10.833333,-13.7,9.5
GN,-10.942,10.439,-13.7,9.5
GW,-15.0,12.0,-15.58,11.85
GW,-14.651,12.125,-15.58,11.85
GY,-59.0,5.0,-58.15,6.8
GY,-60.0,4.0,-58.15,6.8
GY,-58.974,4.792,-58.15,6.8
HT,-72.416667,19.0,-72.33,18.53
HT,-72.4167,19.0,-72.33,18.53
HT,-72.4166666667,19.0,-72.33,18.53
HT,-72.278,19.142,-72.33,18.53
HM,72.5166666667,-53.1,,
HM,73.507,-53.111,,
HN,-86.5,15.0,-87.22,14.1
HN,-86.863,14.819,-87.22,14.1
HK,114.129,22.423,,
HK,114.166666667,22.25,,
HU,20.0,47.0,19.08,47.5
HU,19.134,47.07,19.08,47.5
IS,-18.0,65.0,-21.95,64.15
IS,-18.48,64.764,-21.95,64.15
IN,77.0,20.0,77.2,28.6
IN,79.0,22.0,77.2,28.6
IN,79.619,22.881,77.2,28.6
ID,120.0,0.0,106.82,-6.17
ID,120.0,-5.0,106.82,-6.17
ID,114.252,-0.976,106.82,-6.17
IR,53.0,32.0,51.42,35.7
IR,54.301,32.565,51.42,35.7
IQ,44.0,33.0,44.4,33.33
IQ,43.772,33.048,44.4,33.33
IE,-8.0,53.333333,-6.23,53.32
IE,-8.0,53.0,-6.23,53.32
IE,-8.152,53.177,-6.23,53.32
IM,-4.527,54.229,-4.48,54.15
IM,-4.5,54.25,-4.48,54.15
IL,34.75,31.5,35.23,31.77
IL,34.851,31.026,35.23,31.77
IT,12.833333,42.833333,12.48,41.9
IT,13.0,42.0,12.48,41.9
IT,12.8333,42.8333,12.48,41.9
IT,10.44,44.931,12.48,41.9
IT,12.8333333333,42.8333333333,12.48,41.9
JM,-77.25,18.166667,-76.8,18.0
JM,-77.5,18.25,-76.8,18.0
JM,-77.32,18.151,-76.8,18.0
JP,138.0,36.0,139.75,35.68
JP,139.068,36.491,139.75,35.68
JE,-2.1167,49.2167,-2.1,49.18
JE,-2.16666666667,49.25,-2.1,49.18
JE,-2.129,49.219,-2.1,49.18
JO,35.557,31.763,35.93,31.95
JO,36.0,31.0,35.93,31.95
JO,36.319,30.703,35.93,31.95
KZ,62.0,48.0,71.42,51.17
KZ,52.994105,51.170692,71.42,51.17
KZ,68.0,48.0,71.42,51.17
KZ,67.301,48.16,71.42,51.17
KE,38.0,1.0,36.82,-1.28
KE,37.858,0.53,36.82,-1.28
KI,-170.0,-5.0,173.03,1.35
KI,173.0,1.41666666667,173.03,1.35
KI,175.036,-1.508,173.03,1.35
KW,47.75,29.5,47.97,29.37
KW,48.0,29.3333,47.97,29.37
KW,47.376,29.476,47.97,29.37
KW,47.966667,29.366667,47.97,29.37
KG,75.0,41.5,74.6,42.87
KG,75.0,41.0,74.6,42.87
KG,74.555,41.465,74.6,42.87
LA,105.0,18.0,102.6,17.97
LA,102.471,19.905,102.6,17.97
LV,25.0,57.0,24.1,56.95
LV,25.641,56.858,24.1,56.95
LB,35.8333,33.8333,35.5,33.87
LB,35.833333,33.833333,35.5,33.87
LB,35.8333333333,33.8333333333,35.5,33.87
LB,35.888,33.92,35.5,33.87
LS,28.25,-29.5,27.48,-29.32
LS,28.243,-29.581,27.48,-29.32
LS,28.5,-29.5,27.48,-29.32
LR,-9.5,6.5,-10.8,6.3
LR,-9.657,6.682,-10.8,6.3
LY,17.0,25.0,13.17,32.88
LY,18.0,27.0,13.17,32.88
LY,18.023,27.044,13.17,32.88
LI,9.533333,47.166667,9.52,47.13
LI,9.5333,47.1667,9.52,47.13
LI,9.555,47.153,9.52,47.13
LI,9.53333333333,47.2666666667,9.52,47.13
LT,24.0,56.0,25.32,54.68
LT,24.0,55.416667,25.32,54.68
LT,23.897,55.336,25.32,54.68
LU,6.166667,49.75,6.12,49.6
LU,6.1667,49.75,6.12,49.6
LU,6.17289,49.614273,6.12,49.6
LU,6.1333,49.6167,6.12,49.6
LU,6.09,49.627,6.12,49.6
LU,6.088,49.771,6.12,49.6
LU,6.16666666667,49.75,6.12,49.6
MO,113.546,22.2,,
MO,113.55,22.1666666667,,
MO,113.545,22.2,,
MK,21.75,41.666667,21.43,42.0
MK,21.75,41.666,21.43,42.0
MK,23.09373,41.405436,21.43,42.0
MK,21.698,41.6,21.43,42.0
MK,22.0,41.8333333333,21.43,42.0
MG,47.0,-20.0,47.52,-18.92
MG,46.706,-19.374,47.52,-18.92
MW,34.0,-13.5,33.78,-13.97
MW,33.808,-13.4,33.78,-13.97
MY,112.5,2.5,101.7,3.17
MY,102.195,4.201,101.7,3.17
MV,73.0,3.2,73.5,4.17
MV,73.0,3.25,73.5,4.17
MV,72.92,3.548,73.5,4.17
ML,-8.394,12.159,-8.0,12.65
ML,-4.0,17.0,-8.0,12.65
ML,-3.0,17.0,-8.0,12.65
ML,-3.524,17.35,-8.0,12.65
MT,14.4167,35.9167,14.5,35.88
MT,14.5833333333,35.8333333333,14.5,35.88
MT,14.442,35.89,14.5,35.88
MH,168.0,9.0,171.38,7.1
MH,168.963,7.595,171.38,7.1
MQ,-61.0,14.6667,,
MQ,-61.0833333333,14.6,,
MQ,-61.021,14.653,,
MR,-10.5,20.25,-15.97,18.07
MR,-12.0,20.0,-15.97,18.07
MR,-10.332,20.26,-15.97,18.07
MU,57.55,-20.2833,57.48,-20.15
MU,57.5833,-20.3,57.48,-20.15
MU,57.583,-20.255,57.48,-20.15
MU,57.55,-20.2833333333,57.48,-20.15
YT,45.1667,-12.8333,,
YT,45.1666666667,-12.8333333333,,
YT,45.155,-12.777,,
MX,-105.795982,30.562072,-99.13,19.43
MX,-109.418575,28.874224,-99.13,19.43
MX,-102.0,23.0,-99.13,19.43
MX,-99.733333,19.4,-99.13,19.43
MX,-102.535,23.951,-99.13,19.43
FM,158.235,6.883,158.15,6.92
FM,158.25,6.91666666667,158.15,6.92
MD,28.583333,47.25,28.85,47.0
MD,28.583,47.25,28.85,47.0
MD,29.0,47.0,28.85,47.0
MD,28.599,47.193,28.85,47.0
MC,7.419444,43.733333,7.42,43.73
MC,7.412,43.75,7.42,43.73
MC,7.419722,43.732778,7.42,43.73
MN,105.0,45.0,106.92,47.92
MN,105.0,46.0,106.92,47.92
MN,102.876,46.056,106.92,47.92
ME,19.3333,42.5,19.27,42.43
ME,19.25,42.75,19.27,42.43
ME,19.254,42.792,19.27,42.43
ME,19.3,42.5,19.27,42.43
MS,-62.2,16.75,-62.22,16.7
MS,-62.187,16.736,-62.22,16.7
MA,-6.0,32.0,-6.82,34.02
MA,-8.009,31.633,-6.82,34.02
MA,-5.0,32.0,-6.82,34.02
MA,-5.758,32.706,-6.82,34.02
MZ,35.0,-18.25,32.58,-25.95
MZ,37.923,-14.422,32.58,-25.95
MM,98.0,22.0,96.15,16.8
MM,96.041,21.718,96.15,16.8
NA,17.0,-22.0,17.08,-22.57
NA,17.218,-22.133,17.08,-22.57
NR,166.9167,-0.5333,,
NR,166.933333,-0.533333,,
NR,166.916666667,-0.533333333333,,
NR,166.93,-0.522,,
NP,84.0,28.0,85.32,27.72
NP,83.939,28.253,85.32,27.72
NL,5.75,52.5,4.92,52.35
NL,5.75,52.25,4.92,52.35
NL,5.389,52.077,4.92,52.35
NC,165.5,-21.5,166.45,-22.27
NC,165.447,-21.359,166.45,-22.27
NZ,174.0,-41.0,174.78,-41.3
NZ,172.235,-42.634,174.78,-41.3
NI,-85.8333,11.4333,-86.25,12.13
NI,-85.0,13.0,-86.25,12.13
NI,-85.034,12.84,-86.25,12.13
NE,9.5,17.0,2.12,13.52
NE,8.0,16.0,2.12,13.52
NE,9.398,17.426,2.12,13.52
NG,8.0,10.0,7.53,9.08
NG,8.105,9.594,7.53,9.08
NU,-169.866667,-19.033333,-169.92,-19.02
NU,-169.8667,-19.0333,-169.92,-19.02
NU,-169.866666667,-19.0333333333,-169.92,-19.02
NU,-169.869,-19.052,-169.92,-19.02
NF,167.95,-29.0333333333,167.97,-29.05
NF,167.953,-29.037,167.97,-29.05
KP,126.451,39.778,125.75,39.02
KP,127.0,40.0,125.75,39.02
MP,145.623,15.005,145.75,15.2
MP,145.75,15.2,145.75,15.2
NO,10.0,62.0,10.75,59.92
NO,8.74,61.152,10.75,59.92
OM,57.984857,22.163691,58.58,23.62
OM,57.5,22.666667,58.58,23.62
OM,57.0,21.0,58.58,23.62
OM,57.407,21.656,58.58,23.62
PK,70.0,30.0,73.05,33.68
PK,69.386,29.967,73.05,33.68
PW,134.0,6.0,134.63,7.48
PW,134.5,7.5,134.63,7.48
PW,134.57,7.501,134.63,7.48
PS,35.278,32.037,,
PS,35.25,32.0,,
PA,-80.0,9.0,-79.53,8.97
PA,-80.92,8.384,-79.53,8.97
PG,143.459,-5.949,147.18,-9.45
PG,147.0,-6.0,147.18,-9.45
PY,-58.0,-23.0,-57.67,-25.27
PY,-58.0,-23.333333,-57.67,-25.27
PY,-58.391,-23.236,-57.67,-25.27
PE,-75.25,-10.0,-77.05,-12.05
PE,-76.0,-10.0,-77.05,-12.05
PE,-75.552,-9.326,-77.05,-12.05
PH,122.0,13.0,120.97,14.6
PH,122.466,11.118,120.97,14.6
PN,-128.316,-24.366,-130.08,-25.07
PN,-130.1,-25.0666666667,-130.08,-25.07
PL,20.0,52.0,21.0,52.25
PL,19.401,52.125,21.0,52.25
PT,-8.0,39.5,-9.13,38.72
PT,-8.058,40.309,-9.13,38.72
PR,-66.5,18.25,-66.12,18.47
PR,-66.466,18.221,-66.12,18.47
QA,51.25,25.5,51.53,25.28
QA,51.191,25.316,51.53,25.28
RE,55.6,-21.1,,
RE,55.538,-21.122,,
RO,25.0,46.0,26.1,44.43
RO,24.969,45.844,26.1,44.43
RU,100.0,60.0,37.6,55.75
RU,47.0,60.0,37.6,55.75
RU,96.689,61.988,37.6,55.75
RW,30.0,-2.0,30.05,-1.95
RW,29.917,-1.998,30.05,-1.95
MF,-63.041,18.094,-63.08,18.07
MF,-63.06,18.075278,-63.08,18.07
WS,-172.133333,-13.8,-171.77,-13.82
WS,-172.333333333,-13.5833333333,-171.77,-13.82
WS,-172.414,-13.652,-171.77,-13.82
SM,12.4166666667,43.933333,12.42,43.93
SM,12.46,43.942,12.42,43.93
ST,7.0,1.0,6.73,0.33
ST,6.629,0.201,6.73,0.33
SA,44.585,24.023,46.7,24.65
SA,45.0,25.0,46.7,24.65
SN,-14.25,14.5,-17.63,14.73
SN,-14.0,14.0,-17.63,14.73
SN,-14.881,15.013,-17.63,14.73
RS,21.066263,43.138586,20.5,44.83
RS,20.833333,44.166667,20.5,44.83
RS,20.833,44.166,20.5,44.83
RS,20.806,44.032,20.5,44.83
RS,21.0,44.0,20.5,44.83
SC,55.474,-4.647,55.45,-4.62
SC,55.6666666667,-4.58333333333,55.45,-4.62
SL,-11.5,8.5,-13.23,8.48
SL,-11.792,8.56,-13.23,8.48
SG,103.85,1.2833,103.85,1.28
SG,103.8,1.3667,103.85,1.28
SG,103.8,1.36666666667,103.85,1.28
SG,103.808,1.351,103.85,1.28
SX,-63.06667,18.04167,,
SK,19.5,48.666667,17.12,48.15
SK,19.5,48.6667,17.12,48.15
SK,19.5,48.6666666667,17.12,48.15
SK,19.491,48.707,17.12,48.15
SI,15.0,46.083,14.52,46.05
SI,15.0,46.083333,14.52,46.05
SI,15.0,46.0,14.52,46.05
SI,14.8166666667,46.1166666667,14.52,46.05
SI,14.827,46.124,14.52,46.05
SB,159.0,-8.0,159.95,-9.43
SB,160.109,-9.611,159.95,-9.43
SO,43.340359,11.634563,45.33,2.07
SO,48.0,6.0,45.33,2.07
SO,49.0,10.0,45.33,2.07
SO,48.316,9.774,45.33,2.07
ZA,23.121,-30.558,28.22,-25.7
ZA,24.0,-29.0,28.22,-25.7
GS,-36.891,-54.209,,
GS,-37.0,-54.5,,
KR,128.103,36.504,126.98,37.55
KR,127.5,37.0,126.98,37.55
SS,30.0,8.0,31.62,4.85
ES,-4.0,40.0,-3.68,40.4
ES,-3.649,40.227,-3.68,40.4
LK,81.0,7.0,79.83,6.92
LK,80.704,7.612,79.83,6.92
BL,-63.043,18.04,,
BL,-62.833333,17.9,,
SH,-5.71,-15.953,-5.72,-15.93
SH,-5.7,-15.95,-5.72,-15.93
KN,-62.75,17.3333333333,-62.72,17.3
KN,-62.769,17.34,-62.72,17.3
LC,-60.969,13.898,-61.0,14.0
LC,-60.9666666667,13.8833333333,-61.0,14.0
PM,-56.3333333333,46.8333333333,-56.18,46.77
PM,-56.325,47.042,-56.18,46.77
VC,-61.194,13.248,-61.22,13.13
VC,-61.2,13.25,-61.22,13.13
SD,30.0,16.0,32.53,15.6
SD,30.0,15.0,32.53,15.6
SD,30.05,13.832,32.53,15.6
SR,-56.0,4.0,-55.17,5.83
SR,-55.912,4.127,-55.17,5.83
SJ,20.0,78.0,15.63,78.22
SJ,18.374,78.83,15.63,78.22
SZ,31.5,-26.5,31.13,-26.32
SZ,31.497,-26.562,31.13,-26.32
SE,15.0,62.0,18.05,59.33
SE,15.27,62.011,18.05,59.33
CH,8.0,47.0,7.47,46.92
CH,7.908,46.861,7.47,46.92
SY,38.0,35.0,36.3,33.5
SY,38.506,35.013,36.3,33.5
TW,120.6839,24.1469,121.52,25.03
TW,120.90944,24.20916,121.52,25.03
TW,120.187222,23.209167,121.52,25.03
TW,121.0,24.0,121.52,25.03
TW,120.946,23.754,121.52,25.03
TW,121.0,23.5,121.52,25.03
TJ,71.0,39.0,68.77,38.55
TJ,72.0,38.0,68.77,38.55
TJ,69.42,38.665,68.77,38.55
TZ,35.0,-6.0,39.28,-6.8
TZ,34.823,-6.27,39.28,-6.8
TH,101.0,15.5,100.52,13.75
TH,100.0,15.0,100.52,13.75
TH,100.844,15.7,100.52,13.75
TL,126.0,-8.5833,125.6,-8.58
TL,125.75,-8.833333,125.6,-8.58
TL,125.916666667,-8.83333333333,125.6,-8.58
TL,125.878,-8.822,125.6,-8.58
TG,1.1667,8.0,1.22,6.12
TG,1.083333,8.666667,1.22,6.12
TG,1.081,8.799,1.22,6.12
TG,1.16666666667,8.0,1.22,6.12
TK,-171.75,-9.0,,
TK,-171.853,-9.193,,
TK,-172.0,-9.0,,
TO,-175.0,-20.0,-175.2,-21.13
TO,-175.185,-21.202,-175.2,-21.13
TT,-61.0,11.0,-61.52,10.65
TT,-61.253,10.468,-61.52,10.65
TN,9.0,34.0,10.18,36.8
TN,9.596,35.383,10.18,36.8
TR,35.0,39.0,32.87,39.93
TR,35.179,39.061,32.87,39.93
TM,59.666667,39.75,58.38,37.95
TM,60.0,40.0,58.38,37.95
TM,59.384,39.122,58.38,37.95
TC,-71.95,21.902,-71.13,21.47
TC,-71.5833333333,21.75,-71.13,21.47
TV,178.0,-8.0,179.22,-8.52
TV,179.219,-8.514,179.22,-8.52
VI,-64.785,17.741,,
VI,-64.8333333333,18.3333333333,,
UG,32.5,1.25,32.55,0.32
UG,33.0,2.0,32.55,0.32
UG,32.0,1.0,32.55,0.32
UG,32.386,1.28,32.55,0.32
UA,32.0,49.0,30.52,50.43
UA,31.388,49.016,30.52,50.43
AE,54.0,24.0,54.37,24.47
AE,54.163,23.549,54.37,24.47
GB,-2.0,54.0,-0.08,51.5
GB,-2.9,54.16,-0.08,51.5
US,-97.0,38.0,-77.03,38.88
US,-98.606,39.622,-77.03,38.88
UM,-169.516666667,16.75,,
UM,-160.027,-0.385,,
UY,-56.0,-33.0,-56.17,-34.85
UY,-56.012,-32.8,-56.17,-34.85
UZ,63.833333,41.666667,69.25,41.32
UZ,64.0,41.0,69.25,41.32
UZ,63.17,41.75,69.25,41.32
VU,167.0,-16.0,168.32,-17.73
VU,166.899,-15.376,168.32,-17.73
VA,12.45,41.9,12.45,41.9
VA,12.451,41.904,12.45,41.9
VE,-66.0,8.0,-66.87,10.48
VE,-66.166,7.125,-66.87,10.48
VN,107.833333,16.166667,105.85,21.03
VN,105.314,21.491,105.85,21.03
VN,107.833333333,16.1666666667,105.85,21.03
WF,-176.2,-13.3,-171.93,-13.95
WF,-178.131,-14.289,-171.93,-13.95
EH,-13.706,24.554,,
EH,-13.0,24.5,,
YE,47.5,15.5,44.2,15.35
YE,48.0,15.0,44.2,15.35
YE,48.355,15.807,44.2,15.35
ZM,28.5,-14.33333,28.28,-15.42
ZM,30.0,-15.0,28.28,-15.42
ZM,26.32,-14.614,28.28,-15.42
ZW,30.73189,-20.129123,31.03,-17.82
ZW,29.0,-19.0,31.03,-17.82
ZW,29.75,-19.0,31.03,-17.82
ZW,29.872,-19.0,31.03,-17.82
ZW,30.0,-20.0,31.03,-17.82
TO,-174.941,-21.3672,,
WS,-171.919,-13.9005,,
CH,8.19995,47.4176,,
GB,-2.19814,57.1676,,
GB,-2.77785,57.236,,
NG,7.56019,5.57402,,
UG,33.7723,2.70787,,
GE,41.0701,43.1479,,
PH,120.798,17.5665,,
AZ,49.3694,40.3278,,
AE,54.0817,23.5238,,
YE,46.2119,13.8269,,
ID,96.9956,4.41533,,
BS,-74.0024,22.3745,,
SM,12.4052,43.9425,,
BR,-70.2976,-8.9285,,
OM,57.3411,22.474,,
EG,31.4929,31.0304,,
QA,51.5282,25.2686,,
CM,13.217,6.80472,,
NG,12.5768,9.47906,,
YE,44.7544,12.8087,,
TR,35.7555,37.4006,,
LV,24.3855,57.108,,
ET,38.7815,8.966,,
MV,73.1092,-0.624137,,
TR,38.339,37.8102,,
UG,31.7282,3.21788,,
DZ,-0.93557,25.7004,,
MR,-10.3339,20.7634,,
RU,40.1293,44.4658,,
MK,21.4932,41.9517,,
ET,41.0236,12.1232,,
TR,30.6938,38.6784,,
NE,10.0991,19.4523,,
UG,33.3941,2.89176,,
MU,56.5372,-10.3512,,
AZ,47.4145,39.971,,
AZ,46.9918,40.0455,,
AZ,47.4132,40.568,,
LV,27.0929,56.0979,,
CI,-4.02187,6.06215,,
TR,43.3647,39.5925,,
IT,13.4938,37.4522,,
AZ,45.4341,41.1896,,
AZ,48.3659,40.5091,,
MX,-102.351,22.0375,,
PH,125.56,9.17346,,
PH,125.761,8.57934,,
TM,59.0838,38.8103,,
SV,-89.9057,13.8657,,
JP,137.214,34.9973,,
WS,-172.039,-13.8904,,
TL,125.619,-8.69661,,
PW,134.533,7.43236,,
FR,5.37744,46.084,,
DZ,2.10714,36.1735,,
DZ,-0.995722,35.2708,,
TL,125.551,-9.03099,,
PW,134.571,7.39952,,
CL,-73.3899,-46.8716,,
FR,3.51554,49.5667,,
CK,-158.892,-19.2709,,
NR,166.913,-0.529816,,
LV,25.228,56.6459,,
LV,21.5943,56.7232,,
GE,42.0537,41.6552,,
LY,21.74,29.0419,,
SI,13.9294,45.9043,,
JO,35.761,32.2932,,
AE,55.5411,25.3971,,
NO,11.2222,60.1365,,
JP,140.334,39.7318,,
PH,122.223,11.5611,,
LV,25.7883,56.1592,,
,32.9713,34.6003,,
TR,33.8772,38.3566,,
NG,7.90963,4.89926,,
IQ,41.5307,33.2317,,
IQ,47.5605,30.6802,,
IQ,45.2843,30.4381,,
IQ,45.1075,31.6081,,
KW,47.9393,28.8653,,
KW,48.3318,29.4497,,
SA,41.4165,20.1605,,
EG,33.7267,25.2164,,
OM,56.8199,23.9794,,
OM,57.6472,23.4299,,
YE,45.3371,14.2903,,
EG,30.2522,30.5945,,
OM,55.9933,24.3888,,
LY,24.0559,30.069,,
QA,51.4671,25.4579,,
YE,44.7937,13.8965,,
OM,55.9327,22.9127,,
KW,47.9381,29.2592,,
EG,30.4584,29.2965,,
EG,31.0287,30.8504,,
YE,43.2214,14.928,,
SA,43.3124,29.227,,
EG,29.754,30.8251,,
EG,32.2811,30.6765,,
LY,21.7222,32.0068,,
KW,48.2027,29.7843,,
BH,50.5622,25.9688,,
SA,38.3651,29.5589,,
YE,45.6137,16.5629,,
LY,13.0352,32.4889,,
EG,29.7204,29.3499,,
LY,17.299,27.9396,,
QA,51.4212,25.7512,,
LY,22.0744,23.7231,,
SA,39.4378,24.9279,,
YE,51.6413,16.8785,,
YE,43.649,15.38,,
BH,50.5777,26.2204,,
LY,21.0132,32.1682,,
LY,14.1357,32.5351,,
EG,31.0029,30.5076,,
EG,30.1604,28.2141,,
BH,50.6376,26.261,,
EG,31.5788,29.9801,,
EG,31.325,30.2725,,
SA,43.2716,25.9478,,
LY,22.5845,31.8165,,
EG,28.9556,24.8314,,
QA,51.4743,24.9661,,
BH,50.5738,26.1373,,
OM,56.8705,20.4263,,
US,-86.7184,32.8551,,
BR,-36.6917,-9.77391,,
CR,-84.7995,10.7527,,
MG,48.3868,-17.8014,,
US,-151.604,65.3609,,
ES,-2.6966,42.8902,,
RO,23.5651,46.1478,,
ES,-1.94309,38.834,,
PH,123.563,13.2254,,
CA,-115.0,55.2816,,
IR,50.7848,35.9651,,
UG,33.2107,2.27138,,
SY,37.601,36.1054,,
IT,8.74818,44.8102,,
DZ,3.09806,36.7024,,
DJ,42.8985,11.2107,,
BJ,2.92598,11.4305,,
ES,-0.533879,38.5418,,
MV,72.9528,4.26451,,
MV,72.9528,3.77293,,
FR,3.18698,46.408,,
KZ,78.2246,45.0707,,
KZ,76.9424,43.2709,,
ES,-2.22473,37.1563,,
WF,-178.094,-14.3029,,
LV,24.8231,57.8074,,
FR,6.24822,44.0454,,
FR,7.18651,43.8699,,
LV,21.5583,56.9915,,
GT,-90.1072,15.6455,,
RU,82.8667,52.4268,,
PY,-59.8709,-21.796,,
PY,-54.9426,-25.3757,,
LV,27.1693,57.4151,,
LT,24.167,54.2544,,
PY,-56.1788,-23.2295,,
YE,44.2115,15.3494,,
BR,-51.6842,1.41157,,
TR,35.7627,40.6379,,
LV,25.3384,57.0794,,
BR,-63.7853,-4.21774,,
CO,-71.9171,-1.26032,,
PE,-77.9695,-5.0485,,
VE,-65.6187,3.36185,,
TL,124.241,-9.32323,,
ET,37.7222,11.6981,,
JO,36.4418,31.6211,,
TH,104.766,15.8583,,
UG,32.6461,1.57677,,
MG,46.7822,-20.5449,,
LK,81.7242,7.1632,,
YE,44.0107,16.0938,,
UG,34.883,1.67258,,
RU,128.354,52.9236,,
UG,33.6359,2.141,,
UG,32.0347,2.9511,,
IQ,43.7551,30.9322,,
VN,105.154,10.5736,,
LB,35.5666,33.3303,,
LY,12.0109,32.6661,,
NR,166.944,-0.497511,,
MG,47.481,-18.4743,,
MG,49.5586,-16.5763,,
NG,6.98472,6.30827,,
GR,25.2076,41.1043,,
PE,-77.6571,-9.53996,,
IT,13.1128,43.5383,,
IN,93.7895,6.83654,,
IN,79.208,16.4854,,
UZ,72.3651,40.4491,,
KM,43.3378,-11.6952,,
KM,44.4518,-12.226,,
AD,1.51066,42.5128,,
ME,19.7688,42.6933,,
MG,45.5069,-24.8192,,
MD,29.1922,46.8817,,
NR,166.936,-0.494702,,
TH,100.357,14.6335,,
PW,134.158,6.91388,,
PH,120.591,15.1453,,
GB,-4.3787,53.2996,,
GB,-2.9155,56.7458,,
CN,117.253,31.9537,,
NR,166.947,-0.519984,,
TR,32.578,39.829,,
DZ,7.53073,36.823,,
GQ,5.62933,-1.44699,,
MG,46.2904,-24.22,,
LC,-61.0189,13.935,,
SC,55.5208,-4.68304,,
SC,55.4923,-4.71357,,
SC,55.4543,-4.58794,,
SC,55.5118,-4.7456,,
ER,39.0563,15.2792,,
TR,30.9564,37.1141,,
AQ,0.238256,-81.6905,,
CO,-75.5071,6.70366,,
NZ,178.801,-49.6532,,
PH,121.469,11.8476,,
CL,-68.8739,-23.3178,,
GB,-6.26057,54.6926,,
BE,4.72122,51.2485,,
LK,80.4711,8.29198,,
VE,-64.1949,9.05586,,
JP,140.769,40.6385,,
IT,7.35059,45.7126,,
UG,32.5241,1.89554,,
SI,15.8873,46.6914,,
PH,121.167,18.1179,,
LV,26.4999,57.4556,,
CH,9.39726,47.3911,,
CH,9.39548,47.3092,,
VE,-68.55,7.0405,,
PE,-72.9662,-14.0317,,
JO,35.3449,29.6276,,
KZ,69.8519,51.928,,
KZ,58.9373,48.0288,,
SY,38.9127,36.0067,,
QA,51.1605,25.1648,,
SA,45.1404,23.3432,,
MK,21.5862,42.0185,,
RO,21.7296,46.3019,,
AM,44.0736,40.3213,,
VE,-67.3252,10.1618,,
AM,44.7304,39.9204,,
CO,-70.8913,6.64307,,
IQ,44.1806,36.2371,,
TF,51.7536,-46.3974,,
TF,69.2725,-49.3179,,
TR,42.8342,41.1809,,
IR,47.7241,38.9113,,
FR,4.4999,44.8014,,
FR,4.62417,49.5403,,
GB,-5.62705,54.5164,,
PE,-72.4209,-15.8757,,
IT,11.7758,43.5298,,
RO,24.8859,44.9867,,
GB,-5.14339,56.2296,,
MN,100.92,48.0061,,
CL,-69.6804,-18.3207,,
FR,1.53654,42.9046,,
TT,-61.2804,10.6284,,
US,-111.935,34.3046,,
US,-92.1428,34.7563,,
RU,41.9939,63.3132,,
GB,-6.62144,54.3304,,
AM,44.0464,40.0992,,
DJ,42.8032,11.4461,,
CU,-82.6903,22.8546,,
UY,-56.9399,-30.5719,,
TR,41.8331,41.0175,,
UG,31.1339,2.7887,,
AW,-69.9689,12.5147,,
IN,94.4673,28.4056,,
TZ,36.0865,-3.02634,,
IQ,45.4331,35.332,,
SY,36.9153,32.7577,,
EG,32.1523,29.6098,,
SH,-14.3701,-7.91916,,
IT,13.5862,42.9054,,
BH,50.4868,26.1624,,
EG,31.8817,30.8161,,
SA,50.1714,22.9875,,
OM,58.565,22.2943,,
OM,58.9632,21.5958,,
LY,12.8352,27.8732,,
GH,-1.3296,6.75219,,
,123.586,-12.4325,,
SA,42.9503,19.3484,,
MR,-11.7106,16.5835,,
IN,92.9929,26.3302,,
KZ,71.4538,51.1503,,
AZ,48.7049,38.4938,,
IT,8.17036,44.9236,,
RU,47.7227,47.0334,,
ES,-5.84196,43.3261,,
PY,-57.5735,-25.3096,,
EG,32.2794,22.6543,,
EG,31.1431,27.2223,,
IQ,44.0354,35.3281,,
CL,-69.9123,-27.4469,,
BJ,1.55782,10.7035,,
CK,-158.089,-20.0232,,
CO,-74.9941,10.6712,,
NI,-84.1501,13.997,,
NI,-84.2147,12.2265,,
HN,-87.0783,15.6343,,
BJ,2.22263,6.61657,,
MG,44.4011,-23.3142,,
MG,47.3774,-23.3142,,
MG,48.9044,-18.9143,,
LA,106.866,14.7848,,
MT,14.4318,35.8878,,
GR,23.7997,38.0626,,
WS,-171.592,-14.0212,,
KZ,51.7585,47.7744,,
SC,55.5138,-4.70356,,
FR,4.16252,48.3125,,
LV,22.9664,56.4782,,
NZ,174.597,-36.6334,,
NZ,166.11,-50.7664,,
FR,2.48157,43.1004,,
PH,121.756,16.1271,,
NO,8.14878,58.6698,,
PF,-151.324,-22.5218,,
AU,148.983,-35.4618,,
IS,-15.2246,65.4363,,
PT,-8.4394,40.6738,,
IT,15.1044,40.9404,,
FR,2.66383,44.2884,,
ES,-4.87934,40.5611,,
PE,-73.9838,-13.9245,,
TR,27.9573,37.7292,,
MM,95.1083,16.7457,,
GR,24.1925,40.2922,,
LY,12.4868,32.4551,,
PK,73.8036,33.868,,
PT,-28.0394,38.6351,,
DO,-70.8169,18.5981,,
EC,-79.0909,-3.15279,,
VN,107.143,10.3969,,
MV,72.9751,4.88218,,
AZ,45.3373,39.1871,,
IQ,44.5099,32.6833,,
LV,23.7639,56.8913,,
VN,106.493,21.3512,,
VN,105.573,9.33941,,
VN,106.117,21.098,,
RO,26.7643,46.4067,,
PH,122.986,10.6592,,
HU,19.4699,46.6096,,
ES,-6.26724,38.5731,,
AF,70.8036,36.781,,
DE,9.00328,48.59,,
AF,63.8495,35.2699,,
LK,81.0255,7.05184,,
GW,-14.707,12.1429,,
CI,-7.67511,8.11221,,
IQ,44.3827,33.306,,
AF,68.9831,35.8588,,
NP,85.3494,27.8491,,
MM,96.1485,18.518,,
PH,120.605,16.4059,,
BR,-41.8027,-12.3651,,
DO,-71.307,18.5116,,
SC,55.4918,-4.75461,,
SC,55.76,-4.32918,,
NR,166.925,-0.500672,,
MX,-115.209,30.3399,,
MX,-111.452,25.0656,,
GT,-90.3946,15.0766,,
,-79.8458,15.7919,,
UM,-176.479,0.194931,,
AZ,50.0435,40.4447,,
SO,43.835,4.40611,,
MW,35.0792,-15.037,,
AZ,46.4478,41.7393,,
LV,24.3555,56.7316,,
BF,-3.06879,11.8279,,
ES,2.99156,39.6162,,
ID,115.179,-8.3412,,
TR,27.8355,39.7193,,
TM,55.2571,39.7244,,
AF,67.2185,36.6851,,
GB,-6.22753,54.9003,,
GB,-6.4032,55.0525,,
JO,35.7216,31.8345,,
MD,27.9516,47.7763,,
LV,27.6041,56.924,,
PK,65.5512,27.5194,,
LV,27.4348,57.0151,,
MT,14.4524,35.8952,,
LI,9.50603,47.0701,,
BF,-1.57778,13.4455,,
ML,-8.01917,12.643,,
CF,20.6318,8.21272,,
AF,67.2365,34.9693,,
SO,45.436,2.12409,,
GB,-6.17154,54.3466,,
CD,18.4474,-4.61778,,
ID,106.819,-2.95817,,
TH,100.626,13.793,,
CF,18.5457,4.38332,,
EG,30.5041,28.8948,,
BA,17.2619,44.8146,,
GM,-16.6831,13.4063,,
SK,19.477,48.5213,,
KH,102.873,13.7359,,
ID,106.167,-6.25794,,
BF,-4.10849,12.1648,,
ME,19.1463,42.1416,,
DO,-71.1872,18.1674,,
HU,17.9611,45.9602,,
AG,-61.792,17.6155,,
ES,2.00777,41.6575,,
TD,16.9496,14.5304,,
IT,16.7706,40.928,,
SO,50.1777,9.95583,,
GY,-59.7502,7.74233,,
VE,-69.9798,8.22379,,
BD,90.2369,22.4351,,
GB,0.133951,51.5379,,
IT,16.1413,41.1638,,
GB,-0.204805,51.6115,,
GB,-1.45688,53.5347,,
TR,32.4688,41.5857,,
CD,14.2052,-5.31907,,
FR,7.56628,48.6179,,
CI,-6.67522,5.47996,,
MD,28.8846,46.3726,,
CH,7.72662,47.5056,,
CH,7.5898,47.5605,,
RU,56.5575,54.2086,,
PH,122.059,6.49955,,
CF,21.3019,5.00365,,
PH,120.42,14.6561,,
PH,121.951,21.1164,,
PH,121.076,13.9268,,
KH,103.068,12.9675,,
GB,-2.49591,51.3476,,
TD,18.6222,14.0823,,
KG,70.8882,39.7902,,
TR,41.4262,37.7343,,
DZ,5.78213,35.5923,,
TL,126.476,-8.53729,,
NG,9.88584,10.4101,,
LV,24.269,56.4223,,
SO,43.545,2.67209,,
NZ,176.858,-38.2161,,
MN,89.8127,48.8811,,
MN,99.6955,45.8317,,
TR,40.3056,40.2859,,
NG,5.97421,4.73907,,
DE,11.3966,49.0056,,
,63.3524,45.9632,,
BF,-1.46488,11.9332,,
MU,57.4713,-20.2387,,
SC,55.4317,-4.60295,,
DZ,-2.81838,30.1882,,
GB,-0.470004,52.1788,,
CN,116.389,39.9488,,
LB,35.5093,33.8849,,
PT,-7.88716,37.8511,,
TN,9.37605,36.5828,,
DZ,4.91591,36.6189,,
HU,20.8362,46.592,,
HU,21.0968,46.7499,,
SC,55.4483,-4.63198,,
SC,55.4092,-4.62448,,
BN,114.408,4.45555,,
GB,-5.93684,54.6113,,
RU,37.277,50.8757,,
BZ,-88.4189,17.5367,,
IT,12.1449,46.3169,,
SI,16.2307,46.6086,,
TN,10.1941,36.6125,,
VN,106.496,10.171,,
MD,29.6966,46.7897,,
SI,15.8981,46.6136,,
IT,14.7663,41.2325,,
LY,20.6182,31.2887,,
ID,102.368,-3.48606,,
AO,13.907,-8.99949,,
AO,13.8119,-12.7993,,
PH,120.689,16.545,,
ET,35.6017,10.5396,,
NG,8.70736,7.48719,,
LB,36.1086,34.0494,,
ME,19.9003,42.8198,,
AL,20.0865,40.6441,,
AZ,47.2467,40.3534,,
LS,27.8982,-29.1918,,
IT,9.77093,45.8097,,
DE,13.4213,52.5131,,
CH,7.65026,46.7988,,
MK,22.8027,41.6344,,
BS,-77.8527,25.7591,,
MG,47.1963,-17.232,,
LV,25.592,57.5293,,
GB,0.152477,51.4546,,
GN,-8.40726,8.81391,,
AZ,47.6611,39.7591,,
NP,81.7802,28.4501,,
NP,87.3229,27.0937,,
AO,17.4921,-12.7997,,
IT,8.08936,45.5932,,
IN,85.8134,25.6853,,
RO,22.1155,47.0865,,
BA,19.1471,44.7513,,
ME,19.7579,43.0174,,
TR,30.2002,40.0387,,
AZ,48.3681,39.4604,,
PH,124.487,11.5911,,
BS,-79.2811,25.7074,,
TR,40.646,39.0743,,
VN,108.971,14.1075,,
VN,106.659,11.1382,,
VN,106.897,11.6805,,
VN,108.232,11.1284,,
CL,-72.3475,-36.9791,,
GQ,8.79508,3.66783,,
GQ,8.64291,3.42557,,
GW,-15.7839,11.8108,,
MT,14.526,35.8871,,
MT,14.4662,35.8934,,
GB,-1.81614,52.4782,,
MT,14.5236,35.8281,,
KG,74.5877,42.8424,,
DZ,5.46698,34.7569,,
GW,-15.6119,11.8919,,
SI,15.5811,46.1454,,
RO,24.5132,47.1789,,
TR,42.3462,38.5155,,
MK,21.2925,41.0402,,
TN,9.67332,37.1109,,
ES,-2.7953,43.2392,,
HR,16.9948,45.7207,,
BS,-76.3623,24.072,,
GB,-2.44291,53.705,,
GB,-3.00469,53.8406,,
GB,-3.1998,51.7719,,
BG,23.5213,41.743,,
MW,34.9413,-15.6875,,
SI,14.0001,46.3898,,
SE,15.2163,56.2929,,
DZ,2.99331,36.503,,
SI,14.5092,45.7836,,
AI,-63.0943,18.1889,,
SD,34.1155,11.1657,,
CV,-22.807,16.1024,,
NI,-85.4734,12.524,,
TL,125.219,-8.98073,,
PA,-82.6597,9.20739,,
NR,166.916,-0.538594,,
MG,46.3149,-16.3187,,
GN,-14.0764,10.3994,,
MK,22.5841,41.1772,,
CO,-74.2443,4.08564,,
MK,20.869,41.945,,
SI,13.9538,46.2961,,
PH,124.248,9.84875,,
GN,-14.3088,11.1674,,
LA,100.672,20.3044,,
GW,-15.962,11.5187,,
LA,104.039,18.538,,
CO,-74.1807,8.57823,,
EC,-79.1205,-1.67621,,
VE,-63.8628,6.00608,,
IT,11.4149,44.3949,,
GB,-2.42876,53.5887,,
TR,31.6806,40.5854,,
LR,-10.7753,6.75329,,
NL,-68.3029,12.2314,,
LR,-9.80604,6.99958,,
MG,46.1092,-18.6296,,
PY,-60.9776,-22.0943,,
DZ,4.66926,36.0966,,
SM,12.4389,43.9337,,
BJ,2.90363,9.80668,,
TD,19.4819,18.8249,,
NG,13.1533,12.0019,,
SI,14.3756,45.9095,,
RS,22.2686,44.3824,,
HU,21.0983,48.2104,,
MK,22.7665,41.4665,,
BA,18.8198,43.6774,,
RO,26.7668,47.868,,
FR,5.40444,43.5324,,
CG,13.491,-4.36333,,
BF,-3.42349,10.8979,,
DZ,3.84375,36.1884,,
BF,-0.43666,11.4767,,
BF,-2.13572,12.3143,,
DZ,3.60632,36.7503,,
NZ,179.069,-47.7136,,
GB,-1.86297,50.7378,,
NO,3.41677,-54.4151,,
SI,13.6184,46.3725,,
CO,-72.933,5.68515,,
IT,11.4411,46.707,,
GB,-0.763967,51.3929,,
GB,-1.78384,53.8466,,
PT,-8.31863,41.5663,,
PT,-6.81935,41.5188,,
RO,27.6204,45.1346,,
MR,-13.6298,17.0824,,
DE,12.9206,52.8156,,
,21.048,60.4104,,
RS,21.5363,44.4632,,
SI,15.0327,46.2889,,
RO,25.3749,45.7729,,
SK,17.1882,48.2935,,
CV,-24.7204,14.851,,
CG,15.3319,-4.06879,,
BA,18.854,44.8305,,
SI,13.5437,46.0189,,
DE,8.74299,53.1211,,
GB,-0.252266,51.5578,,
IT,10.3574,45.631,,
BY,25.3826,52.4289,,
SI,15.6036,45.9082,,
SI,14.4279,45.9479,,
MD,26.9644,48.2646,,
GB,-3.60687,51.5414,,
GB,-0.1065,50.8421,,
IT,17.711,40.6195,,
GB,-2.60107,51.4624,,
CA,-124.662,54.6943,,
IO,71.7425,-5.28054,,
VG,-64.5854,18.3536,,
LV,22.6412,56.7003,,
MK,21.2133,41.6303,,
HR,17.8112,45.1454,,
HR,17.6849,45.3863,,
SR,-55.1215,4.71274,,
GB,0.0463722,51.3652,,
GH,-1.42805,8.16555,,
BN,114.92,4.90214,,
BE,4.36266,50.8332,,
MK,21.066,41.8465,,
RU,33.2803,53.0868,,
NR,166.925,-0.527877,,
BI,29.3862,-3.1045,,
RO,26.0999,44.467,,
GB,-0.806599,51.7717,,
UG,33.9867,1.09635,,
HU,19.1282,47.4757,,
UG,34.3979,1.03321,,
ME,18.8929,42.3039,,
TH,103.752,18.1565,,
AR,-60.1133,-36.6734,,
UG,33.7627,0.536737,,
UG,30.3282,-0.351995,,
UG,33.0039,0.187461,,
BI,29.3689,-3.39861,,
BI,29.4237,-3.61843,,
UG,34.1286,1.34244,,
UZ,63.7729,39.946,,
PH,125.002,7.99493,,
UG,31.6487,-0.114634,,
UG,34.6781,1.26283,,
PH,121.003,14.9603,,
UG,34.2883,1.29497,,
ZW,28.5463,-20.1393,,
MN,103.196,49.0014,,
UG,31.4315,1.95839,,
BT,90.7042,27.7219,,
UG,30.0508,0.738092,,
EG,32.4293,31.1245,,
TR,30.1627,37.5001,,
BG,27.2597,42.5385,,
AT,16.3584,47.4281,,
ES,-3.60703,42.348,,
TH,102.971,14.699,,
TR,29.0593,40.1314,,
LV,25.3393,57.6809,,
BI,29.5672,-3.85152,,
GB,-2.30878,53.5827,,
RU,109.341,52.9061,,
KR,129.082,35.1928,,
IR,51.4225,28.8273,,
UG,30.1245,-0.471119,,
UG,34.0041,0.412014,,
NO,9.04573,60.4253,,
UG,33.9295,0.881707,,
UG,32.0026,0.135674,,
MK,21.4665,42.0738,,
LS,28.5244,-28.8328,,
PH,125.542,8.94346,,
UG,33.2585,0.0968329,,
UG,33.1662,1.24749,,
RO,26.7347,45.2071,,
VN,105.073,9.05545,,
PY,-55.8821,-25.2234,,
PY,-56.0049,-26.2005,,
SV,-88.7326,13.9079,,
AO,12.543,-4.80148,,
MZ,39.3146,-12.51,,
ES,-6.08204,39.7279,,
GW,-16.0628,12.19,,
ES,-5.82488,36.4828,,
GB,-3.18286,51.6407,,
PH,121.641,17.9242,,
PH,124.693,8.45874,,
IT,9.2574,39.4502,,
MD,28.3144,45.64,,
MK,21.4367,41.9946,,
PE,-78.6091,-6.81775,,
MD,28.3373,47.2892,,
RO,27.1514,44.3144,,
CO,-75.2793,5.29037,,
GB,-1.95182,53.7446,,
US,-119.591,36.7496,,
PE,-77.2248,-12.0859,,
PE,-69.9802,-15.1677,,
PH,120.99,14.6402,,
IT,14.1598,37.223,,
FR,-0.288724,49.0601,,
CU,-77.9304,21.3675,,
PH,122.699,14.1942,,
PH,123.365,13.6733,,
GB,0.0158056,52.3476,,
GB,-0.150541,51.5491,,
MD,28.7044,48.0369,,
PH,124.722,9.17353,,
NZ,169.183,-52.5455,,
MX,-90.2807,18.6624,,
IT,14.7413,41.6425,,
VN,105.685,10.2421,,
TR,26.8233,40.0553,,
EC,-78.9978,-2.54413,,
UY,-55.9228,-34.5473,,
AD,1.60543,42.5842,,
PY,-55.2022,-24.2567,,
TR,33.2142,40.7087,,
SI,16.0462,46.7083,,
BI,30.5612,-3.11103,,
ES,-4.02085,43.2182,,
FR,2.74821,45.1592,,
MD,28.3107,46.262,,
NZ,171.813,-43.4,,
VN,106.047,22.7595,,
SB,160.019,-9.44658,,
PH,122.633,11.3673,,
NA,23.1229,-17.8491,,
CO,-73.8097,0.615494,,
VE,-67.9745,10.1548,,
RO,22.0247,45.0625,,
NI,-86.2874,11.7692,,
IT,8.57559,39.2402,,
EC,-78.0243,0.686611,,
GB,-3.1785,51.5049,,
MU,59.4963,-16.8188,,
IE,-6.79431,52.715,,
GB,-4.20485,51.8622,,
LV,24.2464,57.1203,,
GD,-61.4461,12.4733,,
GB,-5.79899,54.7431,,
CR,-83.6991,9.78411,,
CO,-71.4622,5.46249,,
SC,55.4988,-4.66702,,
IT,14.1425,41.2156,,
MK,21.5939,41.5807,,
ES,-0.0975114,40.222,,
PT,-7.58224,39.9984,,
GB,-5.85407,54.536,,
LC,-60.9749,14.0004,,
BS,-75.3894,24.2583,,
AR,-67.0086,-26.7709,,
PH,124.222,13.8305,,
IT,14.969,37.5882,,
IT,16.4736,38.878,,
CO,-77.277,2.61609,,
MD,29.3728,46.6185,,
IE,-7.27176,53.9623,,
PH,120.836,14.2563,,
KY,-81.2592,19.3167,,
BZ,-88.8833,16.9902,,
BR,-39.3429,-5.37602,,
AZ,46.9823,39.2768,,
PH,123.695,10.269,,
PH,123.899,10.3024,,
AZ,48.4338,39.1757,,
SI,15.2874,46.2398,,
MK,21.4226,41.9752,,
MK,20.5799,41.4644,,
BW,26.6144,-21.8775,,
FJ,178.132,-18.3823,,
GH,-1.26555,5.49477,,
KE,36.8463,-0.709986,,
PG,148.034,-9.84123,,
PY,-57.5265,-25.6711,,
SB,159.825,-9.14003,,
ZM,28.3755,-14.5199,,
BS,-77.1179,26.4215,,
HK,114.144,22.2741,,
BS,-77.9355,24.4757,,
GB,-0.376341,52.0236,,
BA,17.6547,44.1028,,
SD,23.3467,12.1983,,
BS,-76.176,25.1588,,
,31.2854,4.68142,,
FI,25.3934,62.5246,,
FI,24.0097,63.6751,,
GM,-14.9804,13.637,,
SG,103.846,1.31704,,
CM,11.7383,4.73268,,
HT,-72.0025,19.029,,
TG,1.00462,8.5878,,
GQ,10.4494,1.46235,,
GB,-4.17527,52.1793,,
SI,14.5061,46.2524,,
SI,14.3817,45.7886,,
SI,13.9799,46.1335,,
SI,15.9531,46.5598,,
UY,-54.2281,-32.2963,,
CO,-73.4339,9.84893,,
MK,22.2896,41.8644,,
LV,25.4307,57.2396,,
LV,26.275,57.0099,,
ME,18.8954,42.4993,,
ES,-5.341,35.8803,,
TH,101.419,13.6342,,
AR,-60.8752,-26.509,,
KP,126.404,40.6548,,
TT,-61.4134,10.5359,,
IR,50.5298,31.9975,,
TH,100.013,15.1055,,
TH,101.877,16.0138,,
SV,-89.0591,14.1895,,
LA,106.003,14.1093,,
IN,76.7605,30.7452,,
TW,120.464,24.0016,,
TH,102.139,12.8117,,
MA,-7.0775,33.0977,,
TM,63.4465,38.6421,,
FR,0.154828,45.6998,,
FR,-0.714301,45.8441,,
TD,16.2095,11.468,,
VC,-61.1475,13.2825,,
NZ,-176.174,-44.2722,,
RU,45.757,43.2153,,
RU,60.2383,54.1131,,
FR,2.51907,47.1356,,
UA,31.2241,49.1506,,
UA,32.0287,51.2597,,
UA,26.2156,48.2892,,
GB,-2.21364,53.2396,,
GB,-2.76774,53.1671,,
IN,82.3069,21.8044,,
BT,89.5247,27.0361,,
TH,98.6967,18.8368,,
TH,99.9059,19.9607,,
MX,-92.581,16.527,,
TW,120.26,23.4465,,
TW,120.441,23.4822,,
JP,140.318,35.489,,
SM,12.4095,43.9069,,
IT,14.3997,42.1033,,
MX,-106.232,28.973,,
MW,34.6636,-16.1524,,
GT,-90.8859,14.7313,,
EC,-78.7417,-1.88915,,
PG,144.894,-6.27374,,
MM,93.3727,21.9262,,
NI,-87.1702,12.7475,,
GT,-89.4399,14.6668,,
MW,35.2224,-15.7358,,
BT,90.1671,27.0316,,
PA,-82.0992,8.30824,,
MD,28.822,47.0348,,
RU,116.559,52.159,,
MW,33.8876,-10.0267,,
MW,33.4345,-9.88572,,
BD,92.1333,22.4245,,
DZ,1.21078,36.2337,,
CO,-76.7263,5.38283,,
LC,-61.0296,13.7912,,
SB,157.547,-7.40991,,
HN,-87.1074,13.2587,,
TH,101.278,13.2988,,
CN,107.73,30.0173,,
NI,-85.1156,12.0292,,
BB,-59.538,13.0873,,
KN,-62.7582,17.364,,
,105.648,-10.4913,,
AR,-67.8642,-43.9995,,
RU,170.516,66.7517,,
TH,99.0755,10.3809,,
BO,-63.9529,-20.0848,,
FM,151.839,7.44003,,
RU,47.1662,55.4883,,
KG,75.1456,42.6512,,
BI,29.2407,-2.86742,,
LV,27.8618,56.6132,,
CU,-78.6388,21.9626,,
CU,-80.4831,22.3253,,
MD,28.7794,46.5885,,
GB,-0.0868102,51.5169,,
BS,-78.6252,26.5339,,
BM,-64.7884,32.2938,,
BY,27.6424,53.9005,,
BM,-64.6742,32.3747,,
RU,30.2901,59.8064,,
AR,-58.4527,-34.6202,,
CU,-82.3075,23.0737,,
ES,-3.74727,38.8936,,
GB,-3.70779,56.1431,,
IE,-9.10704,52.8909,,
JM,-77.3109,17.9947,,
,-109.222,10.2973,,
RO,23.5307,46.7479,,
MX,-101.885,27.4473,,
KE,39.5816,-2.51514,,
BO,-65.6137,-17.2884,,
PA,-80.4314,8.57708,,
,96.905,-12.1915,,
PT,-8.32193,40.1645,,
VE,-68.3738,9.30182,,
GB,-6.68879,55.0562,,
MX,-103.915,19.1325,,
BJ,2.17251,8.00513,,
HN,-85.7236,15.7786,,
PA,-79.9683,9.17018,,
UY,-57.6787,-34.1954,,
US,-105.543,38.9998,,
HN,-87.678,14.6577,,
SR,-54.8961,5.7072,,
IT,9.1586,45.9389,,
PH,125.984,7.52967,,
MD,28.6386,46.191,,
GN,-13.6847,9.5392,,
PY,-57.0543,-22.8458,,
US,-72.7594,41.6486,,
RO,28.4763,44.5099,,
DZ,6.68301,36.3731,,
GB,-3.7349,53.1274,,
GB,-6.70918,54.6262,,
HN,-88.9362,14.8909,,
ZM,27.9272,-13.1044,,
CL,-70.7749,-30.5838,,
,148.43,-17.6554,,
PY,-56.9747,-25.2506,,
AR,-63.7501,-32.3275,,
CO,-75.6522,8.43894,,
ES,-4.74788,37.9699,,
IE,-8.47351,51.8868,,
IE,-8.83835,51.9396,,
GB,-4.75267,50.4407,,
SR,-56.2504,5.64121,,
BZ,-88.3492,18.1667,,
FR,1.90105,45.355,,
AR,-57.6482,-28.8387,,
FR,9.02252,41.8449,,
HN,-88.0359,15.5336,,
TR,34.711,40.6149,,
IT,16.3123,39.5555,,
MT,14.5207,35.88,,
PH,124.82,7.27167,,
PH,124.246,7.22504,,
FR,4.76991,47.4003,,
FR,-2.93239,48.4383,,
EC,-78.8554,-0.813335,,
TT,-61.3425,10.4519,,
TL,125.233,-9.30758,,
RO,25.9665,45.8885,,
GB,-1.53187,52.4068,,
GN,-13.3482,9.79103,,
GB,-6.39706,54.4884,,
IT,9.99563,45.226,,
SI,16.2936,46.5592,,
FR,2.04281,46.0705,,
UA,34.2784,45.3115,,
MD,29.0355,47.1782,,
SI,14.819,46.4704,,
SI,15.2135,45.5229,,
BS,-74.2405,22.7472,,
NG,8.67873,5.93762,,
IT,16.9491,39.1644,,
GB,-0.0752612,51.3625,,
HU,20.1413,46.5997,,
AO,19.9218,-16.311,,
AO,14.9458,-9.6988,,
AO,15.0504,-10.9232,,
MK,21.3885,42.1353,,
ES,-2.15126,39.9115,,
AZ,45.6847,39.136,,
GB,-2.89222,54.6368,,
CO,-74.0613,5.11121,,
AO,15.281,-16.6271,,
IT,7.63034,44.4862,,
CW,-68.955,12.1558,,
MU,57.5168,-20.3183,,
SV,-89.0055,13.8166,,
PE,-72.2479,-13.1633,,
CG,15.9548,-0.393114,,
CG,14.558,0.0348606,,
GY,-58.8206,7.16881,,
VN,108.102,16.0912,,
GN,-11.2004,10.7774,,
IN,73.029,20.1841,,
KR,128.631,35.9034,,
KR,127.401,36.3563,,
BT,89.8444,27.0316,,
LV,27.6246,56.1183,,
RU,47.1424,42.36,,
PH,120.341,16.0325,,
DO,-71.5952,19.4319,,
VN,108.133,12.7691,,
VN,107.66,12.1425,,
SN,-17.3327,14.7835,,
MR,-16.1354,20.8429,,
,20.4124,42.3724,,
GN,-12.2144,10.8327,,
SE,14.4404,60.814,,
IN,72.8511,20.4226,,
SY,36.2897,33.5101,,
RO,25.596,44.8486,,
ME,19.1191,42.5936,,
TZ,39.2857,-6.89289,,
SY,36.1698,32.8686,,
MN,106.306,49.3586,,
PA,-77.7067,7.90194,,
GB,-1.53938,54.5202,,
AZ,46.0228,40.4837,,
LV,26.589,56.043,,
LV,26.5517,55.8814,,
LC,-60.9062,14.0176,,
PH,125.587,7.07729,,
PH,125.651,7.45436,,
PH,125.511,6.34808,,
PH,126.286,7.06305,,
SY,40.275,35.0736,,
MK,20.5863,41.541,,
MK,20.8594,41.3337,,
HU,21.6192,47.5252,,
ER,40.1691,15.6179,,
ER,41.7389,13.5712,,
,20.2468,42.527,,
MW,34.1833,-14.2064,,
US,-75.4112,38.8657,,
MK,22.7429,41.9187,,
IN,77.0856,28.69,,
NG,5.88195,5.44265,,
VE,-61.5863,8.78915,,
GY,-58.3773,6.54128,,
MK,21.1238,41.2587,,
MK,22.2161,41.3739,,
GB,-3.34024,53.0665,,
CI,-7.37781,9.52894,,
NR,166.914,-0.520335,,
TR,29.2821,37.7539,,
LC,-60.9052,13.9425,,
VE,-65.3067,10.9337,,
GB,-1.47157,52.8904,,
GB,-1.58946,52.9938,,
GB,-7.21329,54.9694,,
SI,15.8853,46.4767,,
FR,-0.300826,46.5681,,
AZ,48.9074,41.1969,,
GB,-3.85842,50.8008,,
BM,-64.7566,32.3033,,
MV,72.9017,2.67806,,
BD,90.4053,24.1653,,
YE,44.2001,14.6805,,
NP,83.5602,28.4801,,
,33.7978,35.0123,,
IQ,46.4203,31.191,,
OM,54.2927,18.4966,,
MG,49.08,-13.5916,,
AL,20.1772,41.608,,
TT,-61.5778,10.7128,,
LU,6.00481,49.9763,,
VN,103.226,21.7487,,
NE,13.0899,15.7652,,
IQ,43.2281,37.0875,,
DJ,42.2277,11.3884,,
TL,125.668,-8.55429,,
MT,14.3868,35.859,,
GN,-10.6749,11.5609,,
SN,-16.1895,14.7509,,
ET,42.0364,9.56155,,
US,-77.0113,38.8922,,
VE,-66.964,10.4857,,
BR,-47.7902,-15.7665,,
MX,-99.1369,19.3266,,
DO,-69.9376,18.4746,,
SI,14.0149,45.6927,,
CI,-7.73423,7.36283,,
IQ,45.1046,33.9882,,
TR,40.2706,38.0261,,
DZ,3.70376,34.1508,,
DJ,43.037,11.5524,,
UA,34.9555,48.6313,,
LV,23.2005,56.6172,,
SI,15.4056,46.1339,,
BA,18.0675,44.9307,,
SI,14.7253,45.8342,,
BG,27.9018,43.6874,,
SI,15.2299,46.3552,,
SI,14.3138,46.0716,,
SI,16.3581,46.6539,,
TZ,35.9608,-5.73233,,
MK,22.6539,41.2492,,
UG,33.0778,1.88125,,
SI,14.6741,46.0996,,
SI,15.048,45.7205,,
RO,23.5718,44.219,,
MK,21.4307,41.4684,,
SM,12.4721,43.9466,,
SI,14.6294,46.1493,,
GB,-1.08493,53.5227,,
MD,27.7632,48.2339,,
IE,-8.02986,54.8924,,
UA,37.7933,48.145,,
VN,105.874,22.1476,,
VN,106.076,20.8085,,
VN,107.178,11.1258,,
BJ,1.77142,9.31506,,
FR,0.780505,45.1592,,
SI,15.9915,46.4406,,
MN,114.261,48.7766,,
MN,109.825,44.4088,,
GB,-2.31103,50.8569,,
NE,3.55023,12.8124,,
FR,6.31895,47.1584,,
MA,-8.7136,32.4059,,
MW,33.8651,-13.625,,
GB,-5.80955,54.3616,,
,20.6774,41.9926,,
SI,15.0226,46.5906,,
NL,6.60064,52.9046,,
MD,27.8915,48.0267,,
FR,5.13443,44.7407,,
MK,20.9119,41.4293,,
DO,-70.0202,19.1987,,
AE,55.3436,24.9508,,
IE,-6.26188,53.3683,,
GN,-13.468,10.1137,,
HR,16.8699,42.761,,
GB,-2.1138,52.4728,,
GB,-4.01555,55.0998,,
EG,31.7285,31.4067,,
IE,-6.18788,53.26,,
HU,18.8971,46.9489,,
LV,22.4057,57.5837,,
GB,-2.94934,56.4868,,
MN,106.116,45.4132,,
GB,-6.94613,54.4791,,
SI,15.7689,46.512,,
MX,-104.808,24.566,,
UY,-56.0945,-33.1016,,
LV,21.4069,56.6142,,
GB,-1.79965,54.6955,,
AL,19.6522,41.5152,,
AL,19.8383,41.1326,,
TJ,68.7695,38.5518,,
TR,31.3231,40.8631,,
GR,21.7273,38.0299,,
GR,21.4551,40.3834,,
MN,96.1728,48.615,,
GB,-0.321254,51.5198,,
HM,73.5247,-53.1036,,
GB,-4.29329,55.501,,
IR,46.7723,37.8501,,
GY,-58.0942,6.56415,,
GB,-4.20219,55.9544,,
AI,-62.9852,18.2622,,
,33.5351,4.79636,,
BE,3.83186,50.9749,,
BS,-78.215,26.6596,,
KZ,81.9768,48.3405,,
GB,-2.7108,55.9477,,
PG,151.507,-5.65441,,
GB,-4.36844,55.7656,,
GB,-0.480224,53.9047,,
PG,143.391,-4.25081,,
GB,0.372063,50.9537,,
AS,-170.639,-14.272,,
FJ,-178.72,-20.6657,,
GH,-0.460431,6.42584,,
HK,114.213,22.2706,,
KE,37.7915,2.60695,,
RW,30.4223,-1.69059,,
SL,-10.9314,8.27415,,
ZM,31.8341,-13.7617,,
ZA,26.6417,-32.0622,,
SD,26.5295,11.0263,,
PG,145.557,-6.4841,,
PH,125.755,10.7291,,
TT,-60.6001,11.2899,,
NG,7.98254,6.32648,,
,19.5905,60.2169,,
GB,-3.26452,55.9132,,
MD,27.2978,48.1332,,
TR,26.4697,40.9579,,
NG,5.84934,6.52416,,
HU,20.3836,47.9316,,
JP,132.916,33.8141,,
GB,-6.74587,58.1103,,
NG,5.35929,7.67104,,
DZ,0.971858,32.7753,,
BO,-64.5806,-14.0358,,
EC,-79.8552,-3.43657,,
DZ,7.03557,33.1137,,
HN,-86.5592,14.037,,
GT,-90.0911,14.9038,,
DO,-69.0568,18.7649,,
DZ,8.14597,36.7012,,
TR,39.3702,38.5718,,
AL,20.1358,41.0299,,
PA,-78.1396,7.86013,,
AD,1.6441,42.5381,,
GB,-0.0911453,51.644,,
PG,143.505,-5.48883,,
SC,55.4533,-4.60746,,
LV,23.3222,57.0017,,
IT,14.4462,37.6598,,
TD,22.1045,18.1286,,
AR,-59.2824,-32.0275,,
NG,7.38408,6.55396,,
CD,20.4731,1.21836,,
HU,18.893,47.3677,,
AM,44.533,40.1474,,
LV,25.6656,56.8954,,
TL,125.344,-8.84722,,
NA,15.0824,-22.2166,,
TR,39.5121,39.6874,,
TR,41.403,39.9678,,
AD,1.59428,42.495,,
LI,9.53383,47.2058,,
GT,-91.0243,14.1674,,
IR,52.4195,32.9837,,
TR,31.0894,39.6297,,
EC,-78.9448,1.29253,,
DO,-70.3537,19.5998,,
BR,-40.5436,-19.6916,,
GY,-57.8277,6.23705,,
GB,0.495656,51.7709,,
FR,2.29588,48.5629,,
NI,-86.4072,13.225,,
CM,14.1674,3.78379,,
GA,10.1365,0.32201,,
FR,0.92951,49.0414,,
FR,1.36704,48.3564,,
PT,-7.88463,38.6036,,
NR,166.934,-0.502076,,
CM,14.5367,10.7227,,
BS,-75.9069,23.5855,,
FO,-6.95941,62.1385,,
PK,69.8985,32.6148,,
PK,73.0628,33.7011,,
WS,-172.243,-13.6516,,
MV,72.8315,3.30689,,
SM,12.4761,43.9312,,
VE,-69.7604,11.0897,,
MD,27.7231,47.57,,
GB,-3.75831,55.9811,,
FK,-59.1944,-51.8593,,
CY,33.9489,35.0164,,
AF,62.6498,32.5314,,
GN,-10.881,9.98517,,
PT,-7.93895,37.1704,,
IR,53.0793,29.4007,,
AF,64.7678,35.8043,,
SN,-16.4165,13.8699,,
NG,7.18889,8.78852,,
HU,18.6516,46.989,,
UZ,71.7275,39.9347,,
GB,-7.66047,54.3798,,
IT,13.6263,43.1231,,
IT,11.9305,44.773,,
MA,-4.17332,33.2343,,
MT,14.5196,35.8694,,
AL,19.6047,40.8112,,
GB,-3.16166,56.2201,,
IE,-6.2769,53.4927,,
FR,-3.92644,48.3309,,
FI,22.7128,60.6134,,
NO,24.4789,69.5648,,
,19.9284,60.2446,,
SM,12.4521,43.9021,,
IT,11.3233,43.7304,,
MU,57.7206,-20.2173,,
BE,4.53709,50.8709,,
NL,5.55746,52.5508,,
GB,-3.14709,53.1815,,
UY,-56.8849,-33.5902,,
MD,28.2994,47.8707,,
MT,14.503,35.888,,
UY,-55.812,-33.835,,
US,-81.6228,28.1568,,
BA,18.7352,43.4443,,
IT,15.5111,41.5476,,
,20.3479,60.0019,,
MT,14.2398,36.0332,,
GN,-13.0624,9.38543,,
IT,12.0795,44.0569,,
AR,-59.9494,-24.9146,,
HN,-87.1815,14.3474,,
BW,27.5038,-21.1678,,
GN,-13.4957,10.4732,,
CH,6.85219,46.8411,,
NL,5.77345,53.0792,,
CI,-5.80631,6.2178,,
IT,13.5575,41.6106,,
AE,56.2221,25.4752,,
CN,118.178,26.408,,
JP,136.316,35.9297,,
JP,130.616,33.4906,,
JP,140.099,37.4153,,
AZ,47.322,39.5574,,
MV,73.3741,0.764412,,
MV,73.106,0.22176,,
TN,9.85987,33.7571,,
BW,25.9171,-24.6239,,
BG,25.2475,42.9256,,
GW,-14.1098,12.1569,,
TN,8.79521,34.4233,,
WS,-171.861,-13.9658,,
WS,-172.467,-13.5461,,
EC,-89.685,-1.36804,,
RO,27.7329,45.7861,,
SO,46.6795,5.09616,,
LK,80.2387,6.19513,,
IE,-9.03273,53.302,,
IE,-8.61598,53.4045,,
ET,34.1775,7.86869,,
LK,80.0106,7.12599,,
LI,9.50213,47.2052,,
NP,84.3034,28.3293,,
KR,128.22,37.7951,,
CN,100.735,38.7393,,
BF,-0.768604,12.2052,,
ML,1.2641,16.4482,,
GN,-13.3943,11.7453,,
FR,4.18939,43.9914,,
LV,24.3875,57.0221,,
BT,89.9133,28.0641,,
ER,37.6058,15.0297,,
GB,-1.66816,54.9391,,
ZA,28.2074,-26.1682,,
SE,16.5023,61.3691,,
MZ,32.8795,-23.1231,,
,34.3654,31.4263,,
MK,21.5136,42.0259,,
TR,37.2462,36.9988,,
LR,-10.1841,7.51706,,
SD,35.0351,14.0283,,
AZ,45.6429,40.492,,
SO,42.0524,3.05384,,
AM,45.3848,40.278,,
TZ,31.6968,-3.09999,,
NL,5.96001,52.0635,,
AZ,46.3206,40.6864,,
PH,125.139,6.13644,,
CH,6.11764,46.237,,
IT,9.15064,44.4675,,
AI,-63.066,18.2089,,
US,-83.4078,32.8547,,
ES,2.79123,42.0844,,
FR,0.537496,43.6809,,
,19.8533,60.3722,,
BT,90.3468,27.0503,,
SD,33.3362,14.6771,,
LY,10.6245,30.3343,,
MT,14.2853,36.0251,,
BW,22.7086,-22.1555,,
MT,14.2058,36.0622,,
MA,-5.9502,34.5356,,
DZ,3.11396,31.1547,,
MT,14.4553,35.9188,,
MT,14.2247,36.0625,,
LY,10.4298,25.9201,,
MT,14.515,35.8418,,
AF,67.8006,33.4079,,
AF,64.9224,34.002,,
VN,108.156,13.8493,,
GI,-5.34595,36.1291,,
JP,136.941,35.8522,,
IR,49.5162,37.0503,,
ES,-2.2243,43.1495,,
TR,38.6055,40.5379,,
FR,-0.515546,44.7339,,
NZ,177.93,-38.3442,,
BI,29.9159,-3.48983,,
RO,25.978,44.1133,,
AL,20.1868,40.1927,,
MK,21.3002,42.064,,
SC,55.4433,-4.56942,,
CH,9.05651,47.0096,,
GB,-4.21337,55.8371,,
MD,27.5658,47.7495,,
,20.8784,42.6021,,
GB,-2.14862,51.8153,,
BF,0.115257,12.9057,,
MV,73.4348,-0.28897,,
,21.449,42.4503,,
IN,73.9951,15.3133,,
BR,-49.5786,-15.863,,
IR,55.0042,37.312,,
UG,31.6617,0.196093,,
NG,11.2421,10.4342,,
BY,29.5189,52.1969,,
AZ,46.645,40.5463,,
SI,14.1223,46.1241,,
MR,-12.8565,16.0296,,
SI,16.0215,46.3668,,
IT,13.4936,45.8602,,
RO,23.2029,44.9827,,
SI,15.9663,46.6256,,
SI,14.7905,46.2972,,
SI,16.2128,46.8091,,
RU,86.937,50.9782,,
TJ,72.7189,38.2492,,
ID,122.331,0.760501,,
MK,20.8095,41.7855,,
SE,18.4826,57.4733,,
BF,0.610382,12.0677,,
MN,95.7776,45.4627,,
MN,108.346,47.74,,
AZ,47.8172,40.569,,
HN,-84.3701,15.1219,,
SI,16.094,46.7969,,
RS,20.4001,44.6408,,
BG,23.357,42.679,,
HR,15.9958,45.8251,,
MK,21.9019,41.5864,,
ES,-3.2411,37.2665,,
NI,-85.9698,11.8736,,
HT,-74.1273,18.5137,,
SC,55.4738,-4.68654,,
SC,55.7435,-4.34469,,
LR,-9.72887,6.11786,,
LR,-10.9953,7.09577,,
MA,-7.55595,33.545,,
BS,-78.3185,27.2289,,
LR,-8.16416,5.87286,,
LR,-8.25622,4.87073,,
MU,57.6498,-20.392,,
TC,-71.137,21.4725,,
CU,-76.8386,20.3212,,
CH,9.55953,46.6729,,
GH,0.105309,5.83921,,
PL,17.4521,52.1454,,
GB,0.0473282,51.4634,,
VC,-61.229,13.0161,,
LU,6.33835,49.6474,,
MD,29.4396,47.1194,,
LV,21.2507,56.4778,,
BY,25.0839,53.4855,,
NL,6.73067,53.279,,
LC,-60.9446,14.0664,,
IT,11.2046,42.8194,,
SI,14.6714,45.9421,,
ES,-2.53087,40.8422,,
SB,160.209,-9.61695,,
FR,-61.6822,16.1881,,
CO,-68.8925,2.70535,,
PY,-56.1486,-25.8137,,
GU,144.789,13.4733,,
CR,-85.3552,10.3333,,
MX,-100.904,20.8141,,
CN,113.72,23.7924,,
CN,108.756,23.7451,,
CU,-74.8112,20.2358,,
,-75.1964,19.9347,,
PT,-7.31624,40.2918,,
VE,-66.4794,8.7237,,
GT,-90.4872,14.6006,,
CO,-71.8348,1.85144,,
EC,-79.8608,-1.98384,,
MT,14.5019,35.8447,,
GN,-10.2232,8.70329,,
DZ,7.46291,36.4381,,
MA,-10.0502,28.1581,,
TD,18.0946,11.3122,,
MX,-100.091,17.7608,,
MR,-12.1235,15.3352,,
PH,122.61,10.5577,,
CN,106.559,26.8033,,
IN,71.3013,22.7501,,
LV,26.5803,57.1723,,
PG,144.812,-7.21915,,
UG,32.463,2.87081,,
TR,39.3544,40.2812,,
JP,139.025,36.5592,,
GE,42.1824,41.9634,,
FR,-53.1324,3.85831,,
KR,126.929,35.1989,,
GB,-3.92029,52.8484,,
KR,127.205,37.2562,,
HU,17.6657,47.6621,,
HU,17.1682,47.7217,,
MT,14.4908,35.9025,,
BT,89.1233,27.3711,,
TO,-174.317,-19.757,,
VN,104.965,22.7655,,
SA,41.7076,27.2652,,
VN,105.985,20.5569,,
VN,105.872,21.1306,,
VN,105.799,18.3563,,
MV,72.9797,7.02774,,
MV,73.0473,6.62205,,
GB,-0.0523427,51.5523,,
IL,34.8419,30.935,,
TD,15.8235,12.7695,,
YE,48.9133,16.3779,,
VN,106.364,20.9613,,
VN,106.635,20.79,,
IL,34.9727,32.5523,,
CN,109.825,19.1865,,
BE,3.88925,50.521,,
SI,15.8358,46.4161,,
HU,21.3746,47.2906,,
AZ,48.8984,40.1106,,
YE,43.1804,16.1813,,
TR,44.0804,37.6097,,
SE,12.8007,56.9745,,
GB,-3.05638,53.3686,,
GB,-2.68727,53.331,,
IR,48.5738,34.8342,,
SY,37.22,35.2352,,
LK,81.1619,6.2704,,
DE,10.0344,53.559,,
IL,34.8491,31.9068,,
KP,129.417,41.8666,,
KP,127.922,40.234,,
BM,-64.7197,32.3454,,
,19.753,60.1906,,
GB,-0.20785,51.4894,,
GB,-1.23817,51.1286,,
MT,14.4868,35.8818,,
JM,-78.1337,18.3953,,
ZW,31.0506,-17.8928,,
ET,42.1676,9.29063,,
BS,-76.7641,25.5443,,
NA,17.2167,-24.5108,,
RO,25.5853,46.6393,,
GB,-0.0963323,51.5834,,
EE,25.1734,59.3206,,
GB,-0.333295,51.5894,,
GB,-1.27662,54.6625,,
IN,76.271,29.1003,,
SY,40.9092,36.3536,,
BG,25.8816,41.8489,,
TR,36.2284,36.4876,,
DO,-69.403,18.981,,
PW,131.794,2.96318,,
VN,105.663,9.84353,,
CF,25.851,6.15735,,
GA,13.6198,-1.13187,,
CI,-6.50859,7.01394,,
FR,9.2309,42.3996,,
FR,1.41673,43.5457,,
CF,22.8492,7.48168,,
FR,3.72362,45.1254,,
FR,5.24076,48.1552,,
FR,7.25359,47.886,,
FR,6.16722,47.6973,,
FR,6.51823,46.0502,,
FR,1.21857,45.8465,,
MG,46.5733,-21.4423,,
FR,6.37648,44.6732,,
FR,0.13923,43.0599,,
FR,2.19706,48.8557,,
GB,0.24211,51.5634,,
US,-157.999,21.4919,,
KW,48.0306,29.3243,,
NZ,176.605,-39.5434,,
IL,35.4202,32.8235,,
CN,115.314,38.5205,,
NO,11.2721,61.5285,,
CN,127.97,46.8451,,
CN,113.484,33.9055,,
MN,110.542,47.7116,,
FR,3.27316,43.5524,,
ME,18.6027,42.4041,,
CR,-83.9527,10.4626,,
GB,-2.73691,52.0807,,
DO,-70.352,19.403,,
PA,-80.6613,7.85632,,
GB,-0.26543,51.8113,,
BA,17.8878,43.3226,,
DE,8.95873,50.6098,,
HU,20.1774,47.8614,,
SZ,31.322,-26.0265,,
MX,-98.9221,20.5354,,
GB,-4.81247,57.4123,,
SO,45.4984,4.36813,,
EE,22.5428,58.8594,,
GB,-0.4325,51.5338,,
AF,63.9824,30.9278,,
IN,77.2875,31.6755,,
MD,28.416,46.8298,,
AF,62.4845,34.1551,,
JP,132.853,34.6067,,
VN,106.926,10.409,,
VN,105.34,20.7292,,
SI,15.6245,46.4943,,
MR,-7.19158,18.0225,,
MR,-9.69143,16.4832,,
HU,20.3919,46.3767,,
SI,16.3126,46.8202,,
IS,-21.536,64.2277,,
UG,31.0319,1.47115,,
JP,142.805,43.37,,
CU,-76.1892,20.808,,
SY,38.1425,34.1503,,
BS,-76.9664,26.5321,,
NO,6.89657,60.1134,,
SI,14.2917,46.0249,,
IR,56.2505,27.6455,,
LA,104.039,20.3729,,
BF,-4.18998,11.3355,,
GB,-0.339069,51.473,,
MN,92.4584,46.8037,,
DK,12.3198,55.8486,,
MN,99.8205,50.1456,,
UM,-176.638,0.80217,,
SI,15.1268,46.1289,,
SI,13.9929,45.5679,,
TW,121.163,24.6748,,
TW,120.959,24.7757,,
TW,121.381,23.7743,,
AO,15.6947,-12.5587,,
PE,-75.0416,-13.0523,,
PE,-75.9161,-9.59203,,
CN,112.264,30.9857,,
GT,-91.5504,15.6369,,
ES,-6.90248,37.6217,,
ES,-0.0128081,42.1863,,
AO,14.9844,-14.7348,,
CO,-75.5471,2.65469,,
CN,111.712,27.6667,,
RO,22.9774,45.7435,,
KP,126.297,38.5962,,
KP,125.279,37.7337,,
JP,134.837,35.063,,
RO,27.1899,44.6345,,
MD,28.7874,46.8905,,
RO,27.3031,47.2053,,
UG,30.4693,-0.0750772,,
JP,140.257,36.2773,,
YE,44.2012,14.0543,,
PE,-75.6773,-14.2257,,
EE,27.4446,59.1333,,
US,-114.133,43.7825,,
SY,36.6829,35.8528,,
SI,13.9955,45.9922,,
LV,24.2055,56.6132,,
PH,121.214,16.8291,,
SI,14.5158,45.9398,,
UG,33.5689,0.699847,,
TR,44.0317,39.811,,
MG,46.2128,-22.4083,,
NR,166.951,-0.504534,,
MT,14.4549,35.9054,,
LV,24.5695,56.8545,,
IR,46.8116,33.2369,,
TF,42.7449,-17.0638,,
NC,167.976,-21.5326,,
TF,77.5353,-37.861,,
RO,26.2137,44.6465,,
PH,124.396,8.26296,,
MK,21.6093,41.9758,,
SI,14.2891,45.5678,,
FR,-1.65623,48.1428,,
US,-89.1991,39.946,,
DZ,8.7628,26.8506,,
PH,120.71,18.1995,,
PH,120.604,16.9849,,
PH,122.59,10.9681,,
PH,122.541,10.7447,,
LV,26.1768,55.9997,,
EC,-78.4124,0.55271,,
GE,42.9894,42.093,,
AZ,48.0606,39.9121,,
NG,7.01557,5.55004,,
IT,7.81935,44.011,,
MT,14.4049,35.8869,,
BS,-73.3607,21.06,,
KR,126.507,37.4983,,
MR,-15.345,20.0734,,
LV,24.635,57.0998,,
DO,-71.6057,18.3759,,
US,-86.1396,39.8874,,
FR,1.61636,46.8003,,
FR,0.713649,47.2903,,
RU,44.8468,43.3661,,
MZ,35.4619,-21.6677,,
CN,111.623,41.5938,,
HN,-88.1754,14.3981,,
GB,-4.73843,55.8983,,
BF,-2.96967,11.0116,,
GR,20.5554,38.2419,,
US,-93.3891,42.0423,,
GR,20.6925,39.6365,,
JO,35.8195,32.5559,,
ID,132.825,-1.32525,,
TZ,35.5453,-7.83931,,
RU,105.966,56.8255,,
SB,159.619,-8.44695,,
PH,121.932,17.0036,,
PH,122.031,6.69467,,
FR,5.4175,45.2478,,
IT,14.2393,41.645,,
JP,136.677,36.5654,,
UG,30.8706,-0.848191,,
CU,-82.8148,21.6754,,
AI,-63.0028,18.2705,,
HK,113.954,22.2597,,
HN,-86.9319,16.1048,,
IM,-4.53251,54.2274,,
GB,-1.31588,50.6808,,
GB,-0.0980376,51.5396,,
AZ,48.1125,40.7896,,
TR,30.818,37.8923,,
TR,28.8463,41.1285,,
HR,13.8682,45.1248,,
,20.4919,42.7655,,
PY,-55.6773,-26.8545,,
MG,46.7662,-18.9938,,
SI,14.8211,45.9017,,
UA,24.6363,48.665,,
RU,41.6244,57.1213,,
JP,141.364,39.5715,,
GT,-88.9414,15.5246,,
TR,27.3977,38.2426,,
SI,13.643,45.5153,,
RS,21.9611,42.964,,
ES,-3.43703,37.9829,,
ID,106.837,-6.22462,,
KG,72.4506,41.5886,,
GT,-89.9727,14.6255,,
MX,-103.602,20.3026,,
ID,102.823,-1.65497,,
IN,76.6395,33.9658,,
SE,14.4806,63.3306,,
NP,85.9718,27.179,,
EG,33.7687,28.925,,
JO,35.856,32.2186,,
EE,25.6829,58.9729,,
UM,-160.018,-0.380268,,
HU,20.5204,47.2052,,
LV,25.3016,56.5109,,
LV,26.0091,57.1448,,
LV,22.9132,56.7686,,
ID,107.638,-6.90763,,
ID,109.896,-7.2901,,
ID,112.616,-7.88129,,
AF,65.9617,36.8971,,
MK,21.129,42.0311,,
KR,126.557,33.3741,,
LV,25.8619,56.5068,,
LV,25.9607,56.3227,,
LV,23.6461,56.4939,,
LV,23.7011,56.6457,,
TN,8.62064,36.6155,,
JE,-2.12454,49.2298,,
IL,35.0176,31.7397,,
AU,150.692,-35.1532,,
SI,14.0702,46.4477,,
SI,14.4871,46.3897,,
IN,85.0584,23.5221,,
CN,119.942,32.9844,,
CN,116.017,27.6397,,
NG,9.36225,12.0714,,
CZ,14.5598,49.0726,,
CZ,16.7484,49.1054,,
DZ,5.95292,36.7106,,
CN,126.466,43.2978,,
UG,33.3074,0.492867,,
NI,-85.5417,13.6975,,
SA,42.726,17.3028,,
UZ,67.6556,40.3905,,
EE,26.5975,58.7313,,
UM,-169.538,16.7273,,
MY,103.412,2.00649,,
,19.8953,60.1395,,
SE,14.424,57.5478,,
SO,42.4706,1.55342,,
SO,41.8088,0.0078977,,
AR,-65.7054,-23.1764,,
,32.5795,7.2461,,
PE,-74.9642,-11.3744,,
CH,7.19817,47.3636,,
FR,5.72845,46.732,,
LV,23.7352,56.9608,,
SI,15.9822,46.4841,,
GT,-89.8946,14.2384,,
RS,19.647,45.3888,,
RS,20.9652,45.0065,,
BW,24.7253,-24.5774,,
TR,37.0013,37.9278,,
UG,34.0364,3.70606,,
MV,73.6135,4.35708,,
UG,30.0088,-1.23122,,
RU,43.3982,43.3757,,
UG,30.2731,0.596926,,
UG,33.2,1.66885,,
AF,69.3846,34.4949,,
,21.2405,42.198,,
MM,97.2978,25.7926,,
BF,-1.4662,12.3267,,
NG,7.43906,10.3294,,
LK,80.3478,7.08797,,
SN,-15.2014,14.2364,,
EG,30.853,31.2075,,
JP,134.001,34.2162,,
TZ,31.2578,-1.77904,,
JP,129.601,29.4572,,
FI,28.441,64.5496,,
TN,9.78892,35.6154,,
GE,45.8579,41.6527,,
UG,32.2457,-0.355954,,
TH,103.679,16.6224,,
ID,111.304,-0.0636474,,
ID,115.451,-3.00713,,
ID,113.286,-1.84217,,
ID,116.354,1.28915,,
PH,121.322,17.4884,,
RU,21.2287,54.6636,,
UG,33.4858,1.05681,,
MT,14.5351,35.8871,,
SE,16.0875,57.2764,,
RU,45.4681,46.5191,,
RU,35.3416,54.2421,,
UG,31.8386,-0.15779,,
LK,80.1374,6.58989,,
RU,160.187,56.5325,,
SI,14.733,46.2285,,
UG,32.6048,0.360019,,
TH,99.5098,16.4009,,
KH,105.629,12.1206,,
KH,104.548,12.1624,,
KH,104.282,11.5221,,
KH,104.972,12.6883,,
KH,104.328,10.8503,,
UG,33.1226,0.888959,,
UG,30.5053,0.212247,,
JP,139.344,35.4378,,
SI,13.6455,46.1084,,
TH,99.2969,14.3317,,
AF,65.7163,31.135,,
KH,104.973,11.5453,,
LV,22.6964,56.9403,,
TD,15.8001,15.2641,,
AZ,45.1447,39.4039,,
KP,127.521,38.7273,,
GN,-9.12624,10.1319,,
NG,8.54146,11.7323,,
US,-98.3309,38.5,,
UG,29.7256,-0.835254,,
KH,103.466,11.5609,,
TW,120.609,23.0157,,
SN,-15.9845,13.8846,,
UG,34.4652,1.35008,,
AF,69.6626,34.9748,,
HU,17.7984,46.356,,
TG,0.821351,9.58879,,
TR,32.5067,41.2347,,
RU,41.6866,43.7073,,
JO,35.7693,31.1753,,
UZ,59.2233,43.8529,,
TR,33.3026,37.2262,,
NA,17.4903,-27.0276,,
IQ,43.7651,32.502,,
MK,22.2847,41.7659,,
BG,25.5852,41.5377,,
RU,33.1446,63.5295,,
HR,15.4054,45.3396,,
CZ,12.7286,50.1601,,
NP,82.4637,29.474,,
IN,75.667,14.3681,,
AT,13.8695,46.7201,,
MK,21.3888,41.9774,,
TR,43.074,40.3671,,
LV,27.6287,56.7645,,
BI,30.1146,-3.14444,,
CD,21.7144,-4.87578,,
CD,24.0842,-4.40511,,
UG,29.9844,0.138279,,
UZ,66.0231,38.7774,,
,77.2889,35.3792,,
TZ,39.777,-5.05108,,
TZ,39.2294,-5.84474,,
SD,35.5979,15.6265,,
TN,8.78774,35.2529,,
TR,33.6356,41.5114,,
MW,33.4535,-12.9319,,
UG,34.0087,1.93889,,
CD,26.2512,-8.48374,,
TZ,31.3404,-6.4277,,
NG,7.58609,12.5056,,
LT,23.9879,55.0673,,
MK,22.0373,41.3234,,
NA,19.4968,-18.5224,,
MM,97.3526,19.2658,,
PW,134.711,8.0705,,
BI,29.6613,-3.02498,,
ML,-10.1984,13.7959,,
MM,97.651,17.3996,,
TR,35.9256,38.7168,,
UG,32.8933,0.984795,,
NG,4.06548,11.7712,,
TN,8.84791,33.3621,,
HU,19.6684,46.9282,,
MY,100.647,5.80958,,
SN,-12.1903,12.842,,
TW,121.704,25.1131,,
LV,24.729,56.6541,,
LV,24.2628,56.8054,,
MY,102.005,5.40349,,
AZ,46.1688,40.0966,,
RU,87.1676,54.6462,,
CF,19.3143,5.75536,,
BF,-5.02728,11.4128,,
GB,-0.179557,51.4919,,
GB,0.718915,51.1979,,
GR,22.8519,40.8836,,
US,-85.5729,37.3994,,
KH,104.346,10.5308,,
ID,104.601,-0.142639,,
IN,76.5237,10.3666,,
MT,14.2145,36.0361,,
NZ,-177.91,-29.2436,,
IR,56.9567,30.1234,,
IR,46.6893,34.2796,,
GN,-8.90504,9.33012,,
IE,-9.5547,52.1195,,
BW,22.2402,-24.8361,,
BW,26.4263,-24.2001,,
RU,135.443,57.0232,,
RU,89.8405,53.3643,,
LA,105.343,17.6151,,
VN,109.359,12.6049,,
RU,71.3806,61.4315,,
UA,36.4612,49.4655,,
SD,32.9823,15.7338,,
TJ,69.1055,37.8063,,
DZ,7.02787,34.8896,,
UA,33.5787,46.6964,,
UA,27.0187,49.5537,,
NA,17.1204,-22.7056,,
TH,102.683,16.5762,,
UZ,61.2481,41.2489,,
AF,69.8211,33.363,,
BD,89.3708,22.9179,,
IR,48.7558,31.3484,,
UG,31.0242,0.903428,,
UG,31.9587,0.841246,,
UG,33.7704,1.03603,,
MK,20.9511,41.517,,
ML,1.09427,19.4258,,
SI,15.7544,46.3982,,
GQ,10.8707,2.04853,,
VN,105.284,9.85962,,
UA,31.0214,50.0894,,
UA,30.5277,50.383,,
RW,30.1253,-1.92643,,
TZ,30.4057,-4.41836,,
IE,-6.79999,53.1364,,
TZ,37.6511,-4.01115,,
LK,80.3341,9.38429,,
TR,37.0035,36.8329,,
IE,-7.2941,52.5758,,
GN,-12.7298,10.0552,,
UM,-162.393,6.4377,,
JM,-76.7653,17.9799,,
GB,-0.372646,53.7577,,
GB,-0.2699,51.3925,,
TR,33.778,39.9011,,
TW,118.368,24.454,,
CD,15.8492,-4.49522,,
KI,169.546,-0.857764,,
TR,27.4916,41.6201,,
GB,-1.73944,53.6218,,
MT,14.4836,35.8409,,
RU,50.1112,58.1926,,
UA,31.8288,48.4261,,
TR,34.1308,39.3548,,
BI,30.1647,-2.56414,,
UG,32.0563,2.02863,,
MK,21.4817,41.9346,,
UG,29.6865,-1.21098,,
GN,-9.89138,9.25638,,
UG,33.3078,3.36108,,
LT,21.3879,55.6254,,
,20.5913,42.5999,,
GB,-2.83419,53.4145,,
SI,13.5507,46.2459,,
SI,16.3831,46.6809,,
UG,30.9725,3.51005,,
TR,29.9396,40.9008,,
MK,22.3869,41.9798,,
LV,25.2116,57.5415,,
SI,14.9161,45.6418,,
JP,133.442,33.6129,,
NG,6.6142,7.78485,,
IR,50.7947,30.6977,,
,20.8903,59.923,,
LV,25.4447,56.7031,,
LK,80.0349,6.85989,,
ME,19.4394,42.7889,,
SN,-14.422,12.9574,,
UG,32.6929,2.28756,,
RS,19.9249,44.3209,,
HU,18.2244,47.6697,,
SI,13.7382,45.8225,,
SI,14.5417,46.2055,,
RU,55.8183,64.1194,,
GL,-44.296,61.5451,,
GL,-44.037,64.0596,,
BF,-4.41757,10.2156,,
BF,0.775979,12.6971,,
BF,0.898878,11.4519,,
VN,107.969,14.7451,,
MK,22.384,41.5123,,
TR,32.469,38.04,,
SI,13.8237,45.5076,,
HR,16.831,46.1914,,
AL,20.6648,40.6138,,
IR,46.8636,35.5778,,
PW,134.446,7.26579,,
SK,21.2753,48.6623,,
,21.0358,42.6041,,
,21.5916,42.5954,,
,20.9247,42.9377,,
FM,162.927,5.35641,,
BF,-3.88894,12.9587,,
SI,14.8204,45.4814,,
RU,43.4689,58.3882,,
AM,44.7191,40.3747,,
UG,33.9681,2.9427,,
ME,18.65,42.5415,,
GN,-11.7074,11.6162,,
BJ,1.81235,6.98499,,
CG,11.9549,-4.3684,,
ML,-7.54325,13.7514,,
BF,0.204257,11.4079,,
GN,-13.1823,12.3537,,
BF,-0.291527,12.1587,,
GN,-10.0204,10.7221,,
BF,-1.8367,12.3933,,
HK,114.19,22.3268,,
SI,15.5721,46.0666,,
TH,98.984,8.1333,,
KH,106.184,12.66,,
CZ,15.8838,50.3723,,
SI,14.2919,46.2382,,
SI,13.8502,46.4482,,
HR,15.9228,46.0883,,
LV,27.3415,55.9319,,
RU,39.4688,45.8397,,
RU,95.2029,65.5602,,
MK,22.138,42.0592,,
LV,24.7863,57.2798,,
GR,25.0652,35.1921,,
MK,22.2641,42.2421,,
MK,21.3682,41.3012,,
SI,16.1282,46.5723,,
KH,102.611,12.8901,,
KH,103.775,10.4854,,
SE,14.5773,56.8265,,
SI,15.5816,46.0073,,
SI,15.4671,45.9397,,
MK,21.2328,41.3734,,
LV,26.1972,56.5559,,
MY,101.698,3.13836,,
AL,20.1933,42.0902,,
LV,21.9858,56.9626,,
JP,130.834,32.588,,
MK,21.7923,42.0293,,
UG,33.9137,1.44461,,
,20.8067,60.2647,,
PA,-78.3273,9.28269,,
AF,71.1061,34.9013,,
AF,68.682,36.9043,,
NA,13.9847,-19.8757,,
SI,15.5921,46.6527,,
AZ,48.1586,40.2443,,
RU,65.3505,55.4316,,
RU,36.2921,51.7358,,
LK,80.2369,7.71298,,
TZ,39.7495,-5.34982,,
TR,29.5498,39.3471,,
PL,18.5227,53.0334,,
SI,16.0916,46.8461,,
GE,44.5029,41.4755,,
HK,114.14,22.351,,
NG,4.46906,8.80445,,
ZA,30.8231,-28.7468,,
UG,34.599,1.45896,,
BW,24.4879,-23.8665,,
HK,114.225,22.3159,,
UG,31.6487,1.14122,,
UG,31.023,0.463663,,
UG,30.6742,0.599223,,
FI,26.5799,60.4164,,
JP,135.451,35.2117,,
BG,22.9371,42.2381,,
IT,13.6034,42.0575,,
HT,-72.5089,19.3089,,
UA,24.0372,49.8152,,
DO,-68.6413,18.608,,
CL,-72.3806,-38.738,,
ES,-8.39736,43.1026,,
SC,55.8393,-4.35949,,
DO,-71.65,19.037,,
CO,-72.6702,11.4245,,
PE,-78.2813,-8.21334,,
SV,-89.3593,13.7727,,
AD,1.47083,42.55,,
AR,-65.8386,-37.3861,,
BO,-68.2128,-14.8335,,
HN,-87.9144,14.138,,
SV,-88.9628,13.4872,,
FR,55.5405,-21.1155,,
AR,-67.5283,-29.3762,,
ES,-2.40337,42.3179,,
DO,-68.9869,18.5221,,
IT,9.69322,44.2108,,
PH,120.436,16.5569,,
SV,-87.9301,13.302,,
DO,-70.6836,19.0453,,
MV,73.5114,1.83216,,
EE,23.2541,59.0075,,
EE,26.3773,59.229,,
MA,-13.278,25.9492,,
GN,-12.3404,11.515,,
LC,-60.9867,13.7676,,
MY,115.222,5.32524,,
TD,14.6744,13.431,,
CI,-5.15412,6.85184,,
AF,70.2085,34.7273,,
DZ,2.75622,33.4521,,
NG,3.52478,6.43313,,
PH,121.307,14.146,,
CI,-4.42852,5.4607,,
YE,44.6561,13.1832,,
VN,103.255,22.3502,,
,30.1369,6.88023,,
IN,72.7811,11.2249,,
VN,108.0,11.5362,,
PE,-79.8994,-6.2514,,
GB,-0.10867,51.4604,,
TH,99.5707,18.6296,,
TH,98.9979,18.1333,,
ID,105.059,-4.919,,
UG,32.7269,3.56903,,
PH,124.122,8.0566,,
PH,124.335,7.90221,,
GB,-2.54458,53.8599,,
FR,-0.792307,43.9644,,
VN,106.724,21.7826,,
AZ,48.7309,38.7168,,
AZ,46.3095,39.7717,,
AZ,48.8421,38.7585,,
VN,104.096,22.3559,,
IE,-7.32962,53.0116,,
FI,26.5614,67.5811,,
PH,123.959,10.2992,,
VE,-69.8053,10.1552,,
CY,33.8678,34.9728,,
GB,-5.89587,54.861,,
ES,-15.6013,27.9463,,
PH,120.995,14.4591,,
CU,-77.0723,21.0299,,
SI,15.248,46.1404,,
IT,13.0878,41.3815,,
SY,36.0061,35.5494,,
TL,127.001,-8.50164,,
UY,-54.8724,-33.8788,,
TN,8.69565,36.0965,,
IT,18.2094,40.167,,
IT,9.36921,45.7606,,
GB,-1.47788,53.8106,,
PF,-151.495,-16.6692,,
GB,-1.1183,52.6114,,
GB,-1.11707,52.491,,
PT,-8.75857,39.7583,,
IE,-7.99465,54.0513,,
CG,13.4727,-3.2378,,
GN,-12.6338,11.4687,,
,20.1496,60.0449,,
HN,-88.6478,14.4408,,
SI,15.8548,46.5575,,
SI,16.4217,46.5693,,
TJ,69.1609,39.6335,,
RU,32.7736,59.9905,,
ES,-5.75872,42.6006,,
NI,-86.7187,12.4168,,
MD,28.4105,46.5654,,
,20.7944,43.1033,,
BF,-5.2352,10.5879,,
LS,28.2108,-28.8926,,
ES,1.11518,42.0143,,
AZ,48.4779,38.7139,,
SC,55.4808,-4.65751,,
PL,20.3133,49.8761,,
GB,-0.0112858,51.4418,,
PH,124.883,10.9926,,
AL,19.8649,41.824,,
MV,73.5816,5.2748,,
BT,91.0822,27.6977,,
CN,123.07,41.386,,
CZ,14.9186,50.7339,,
CL,-71.0756,-34.5255,,
HR,15.2031,44.7521,,
BE,5.67651,50.5794,,
LV,24.9523,56.7332,,
TW,119.938,26.1519,,
LV,21.0399,56.5616,,
LV,25.0726,57.1775,,
MT,14.4412,35.8992,,
MW,34.706,-12.0727,,
CG,17.5344,1.45488,,
MW,33.7683,-14.0415,,
PE,-77.0756,-11.0602,,
PE,-76.9236,-12.1124,,
CY,32.9674,34.7755,,
GB,-6.9714,54.9923,,
LV,24.6925,57.5879,,
BE,5.41314,50.9954,,
NL,5.93161,51.2248,,
IE,-8.60278,52.6485,,
IE,-8.75892,52.5242,,
CR,-83.1486,9.7018,,
ZA,29.1301,-23.5859,,
GB,-0.222474,53.1152,,
TZ,38.4234,-9.44338,,
RU,39.2073,52.7462,,
MK,21.579,42.1401,,
,21.108,42.5049,,
TL,125.308,-8.65272,,
UG,32.9139,2.23366,,
PT,-9.13397,38.9835,,
GB,-6.08226,54.5189,,
SI,14.9182,46.0752,,
GQ,9.7992,1.30717,,
BJ,2.42192,6.36623,,
CM,10.0932,4.1938,,
LV,26.324,56.3841,,
GB,-2.9327,53.4312,,
IT,10.6186,43.0601,,
SI,14.5799,46.0616,,
SI,14.8415,46.3721,,
SI,16.1653,46.5112,,
BW,25.6842,-25.2144,,
CF,17.6819,4.07603,,
IT,9.54741,45.253,,
PL,19.3642,51.6355,,
TH,101.517,17.4099,,
LR,-9.87553,8.12994,,
AF,69.3047,34.0857,,
SI,14.1998,45.9399,,
TD,15.9306,8.77035,,
TD,16.23,8.12559,,
FR,1.59234,47.5484,,
FR,4.16239,45.706,,
FR,-1.6025,47.3637,,
FR,2.19238,47.9007,,
EC,-79.8079,-4.15948,,
GN,-8.33352,7.85522,,
VN,106.134,10.6869,,
BS,-74.9132,23.037,,
IE,-7.70239,53.7166,,
TH,100.944,15.1147,,
IR,48.4141,33.5323,,
PE,-73.8868,-4.27471,,
AM,44.4524,40.9347,,
BF,-2.07087,13.8724,,
CL,-72.9043,-41.0592,,
CL,-72.6829,-40.1186,,
EC,-79.4787,-1.22191,,
PA,-80.3927,7.58403,,
SI,14.4776,45.6638,,
SI,14.6363,45.6506,,
FR,1.61079,44.6327,,
FR,0.449742,44.3829,,
LA,101.148,20.9099,,
LA,102.549,20.0788,,
SN,-15.5162,15.4183,,
US,-91.9991,30.5274,,
IE,-6.48625,53.9259,,
BG,24.5374,43.0037,,
SI,15.3869,46.5291,,
GM,-15.7046,13.4062,,
PL,16.4623,51.0127,,
FR,3.54811,44.4909,,
MK,21.915,41.7258,,
AO,13.3166,-8.95941,,
ZM,29.4045,-11.6471,,
LV,26.7126,56.9362,,
PL,22.8943,51.2088,,
SZ,31.8026,-26.5247,,
PL,15.4552,52.2372,,
IT,10.4525,43.9882,,
SI,14.7245,46.3436,,
PH,121.576,13.9241,,
CH,8.17219,47.096,,
LV,27.796,56.4059,,
ES,-7.44266,42.9467,,
UA,39.0033,48.9084,,
SI,14.7761,46.1827,,
NP,83.55,27.695,,
,20.2285,60.1022,,
AO,19.6268,-8.4722,,
AO,20.3821,-10.2341,,
MT,14.4831,35.8563,,
ZM,29.0846,-15.4426,,
GB,-0.406249,51.8763,,
UG,33.3432,0.738246,,
UG,32.5615,0.796763,,
BE,5.50117,49.9637,,
LU,6.05114,49.6376,,
EG,32.6501,25.705,,
UG,31.433,-0.421045,,
UG,31.1783,-0.269997,,
DZ,4.37961,35.3592,,
JO,36.6401,30.492,,
MO,113.56,22.1349,,
GN,-9.31986,8.54658,,
IT,13.2195,43.1918,,
MW,35.5384,-14.9533,,
AU,158.898,-54.5929,,
RS,19.4948,44.5988,,
JO,35.6722,31.5852,,
LK,81.4613,7.85079,,
PG,145.086,-5.08973,,
PT,-16.9465,32.7427,,
IN,78.4214,22.9404,,
QA,51.1832,26.0095,,
LV,26.2344,56.805,,
PE,-70.6831,-11.8726,,
ES,-3.67012,40.4593,,
NI,-86.412,13.4963,,
TH,97.8911,18.4043,,
ER,38.9679,14.858,,
LS,28.1834,-29.8081,,
JO,37.6195,32.2481,,
RU,153.797,62.6257,,
CL,-71.3975,-53.4723,,
CO,-74.3474,10.3731,,
GB,-6.71991,54.8166,,
PH,124.437,6.98075,,
MM,94.8807,19.6473,,
TH,103.188,15.9151,,
GY,-57.4923,2.56716,,
NP,80.5573,29.5205,,
LK,80.718,7.30186,,
IN,75.4647,19.4723,,
TN,10.6621,35.3594,,
US,-69.1973,45.148,,
FR,-0.527847,47.3771,,
CV,-23.1806,15.2115,,
SI,15.7455,46.3148,,
BI,29.771,-4.21622,,
PH,121.035,14.5519,,
MK,22.5221,42.0394,,
SB,161.744,-10.2782,,
SA,40.2542,21.4348,,
PH,120.964,14.6593,,
ES,-4.68606,36.838,,
SB,161.956,-9.75831,,
VU,167.494,-16.3765,,
AO,16.9731,-9.14742,,
TR,38.1872,38.5144,,
UY,-54.9671,-34.6885,,
MV,73.5188,4.17219,,
GN,-12.1222,12.0218,,
,20.7392,42.4806,,
LV,24.9581,57.0017,,
ID,128.161,-8.24814,,
ID,125.976,-2.28945,,
CF,15.8888,4.5324,,
GN,-11.8934,10.3442,,
EC,-80.1619,-0.727203,,
UG,34.312,0.886597,,
NI,-86.2493,12.3035,,
TL,125.968,-8.737,,
NZ,175.627,-39.8518,,
FR,-1.34727,49.1637,,
GB,-2.26678,53.4597,,
JM,-77.4996,18.0219,,
MM,96.0614,20.6284,,
PH,121.052,14.5766,,
PH,123.933,10.3358,,
GN,-8.66537,10.7221,,
TD,17.5493,8.67832,,
CK,-157.909,-21.9367,,
KZ,53.8538,44.0351,,
MW,35.3501,-14.374,,
BS,-77.8018,24.0806,,
MZ,33.4678,-20.811,,
ZW,32.1206,-18.9399,,
CD,26.0336,-3.26017,,
CK,-160.963,-10.4098,,
PH,120.989,14.5931,,
IN,93.8457,24.7442,,
TR,28.1324,38.7115,,
CA,-97.3828,54.85,,
LK,80.0854,8.84371,,
IT,10.7355,45.1396,,
AS,-169.493,-14.2338,,
TN,9.94514,36.7903,,
TL,125.813,-9.00434,,
PG,147.806,-2.30166,,
TZ,36.4591,-4.88783,,
SZ,31.2402,-26.6342,,
MZ,32.3209,-25.5571,,
MZ,32.5828,-25.949,,
TZ,34.0227,-1.58906,,
UG,30.9101,3.2292,,
NE,7.41198,14.1148,,
CI,-5.83201,6.94728,,
RO,23.9992,47.6435,,
BR,-45.389,-5.01897,,
TR,40.9525,37.4282,,
LR,-10.1783,6.62708,,
DO,-69.9933,19.4682,,
YE,45.7376,15.5368,,
SI,15.6414,46.556,,
,19.9417,60.0903,,
LT,23.1751,54.6829,,
PH,121.116,14.6291,,
PH,121.971,13.3717,,
TG,1.24665,6.42521,,
RU,47.9131,56.5407,,
IR,49.964,34.5595,,
SI,15.9513,46.3928,,
NZ,173.656,-41.638,,
FR,4.26395,49.022,,
SR,-54.3667,5.57938,,
PF,-139.037,-9.75565,,
MA,-8.43749,31.3472,,
MT,14.4926,35.8716,,
MT,14.5538,35.8544,,
MT,14.5457,35.8393,,
FR,-61.064,14.7245,,
LV,23.9438,56.8913,,
TM,62.5938,36.7994,,
LR,-7.69738,4.64403,,
US,-77.0454,39.3874,,
UG,31.8532,-0.43198,,
AZ,48.698,38.9858,,
NI,-86.1227,11.9959,,
PH,123.611,12.2276,,
DZ,0.167566,35.3625,,
LS,27.7516,-29.5571,,
ZW,31.3922,-16.8822,,
ZW,31.666,-18.2141,,
ZW,29.5025,-17.0176,,
UG,31.735,1.66477,,
PL,21.1915,52.2269,,
IT,10.0285,44.2345,,
US,-71.9993,42.3739,,
ZW,31.0875,-20.7844,,
ZW,27.2215,-18.7582,,
ZW,28.8871,-20.8913,,
NI,-85.4926,13.0242,,
LK,80.7391,7.60919,,
SN,-13.5063,15.4647,,
CU,-81.186,22.6152,,
LK,80.5542,6.16548,,
IT,16.4876,40.4533,,
BR,-55.9235,-13.3926,,
BR,-54.5502,-20.6756,,
EG,27.5083,29.6121,,
CK,-157.312,-20.1852,,
CL,-71.5811,-35.6067,,
LI,9.53828,47.2214,,
TR,41.9034,38.9124,,
MK,20.6986,41.6315,,
CU,-82.0296,22.8761,,
BS,-73.0295,22.3849,,
FR,-0.635312,48.1562,,
IE,-9.23048,53.895,,
TD,15.4373,9.71626,,
TD,14.7357,9.26179,,
FR,45.2769,-12.7767,,
IQ,47.0739,31.8089,,
UG,33.5556,0.277049,,
IR,52.2123,36.231,,
LV,25.0276,57.9137,,
UG,34.2131,1.03446,,
UG,30.8704,-0.242298,,
UG,30.5341,-0.534736,,
TZ,33.5281,-8.29695,,
CF,23.4601,5.48563,,
MW,33.0113,-13.696,,
MT,14.4085,35.8818,,
IE,-6.71387,53.6324,,
NP,87.8075,27.1587,,
DE,12.5647,53.7528,,
DZ,2.76411,35.8958,,
TN,10.6522,33.4403,,
HR,16.5464,46.398,,
IT,8.73034,39.5132,,
SI,14.3971,46.1236,,
GB,0.584221,51.3541,,
MV,73.5688,2.94938,,
IN,91.3031,25.4804,,
RO,22.9252,44.5837,,
MA,-4.78602,31.7916,,
MY,102.293,2.32162,,
MG,44.8928,-17.6203,,
PW,134.613,7.51682,,
ES,-2.94015,35.2934,,
MT,14.3578,35.9558,,
MG,45.0481,-20.3119,,
AR,-68.5423,-34.8484,,
NR,166.939,-0.539648,,
SI,14.552,46.1605,,
VE,-71.2398,8.49098,,
GB,-2.73472,53.4417,,
TR,33.8268,36.6614,,
LV,23.0567,57.3317,,
GB,-3.35678,51.7461,,
GB,-0.181508,51.4087,,
IT,14.9117,38.0465,,
CO,-72.9789,3.5302,,
SI,15.2985,45.6501,,
FR,6.27603,48.7055,,
FR,5.50884,48.9505,,
MX,-99.7416,19.3275,,
SI,14.8493,46.5281,,
MT,14.3658,35.9148,,
TW,120.942,24.5253,,
US,-84.9479,43.4343,,
MX,-101.936,19.2458,,
LC,-60.918,13.8159,,
TC,-71.7669,21.8196,,
GB,-1.23971,54.5364,,
ZW,29.4323,-19.0828,,
GB,-3.06592,55.8241,,
DK,9.26862,56.2367,,
UM,-177.376,28.206,,
JP,136.386,34.5679,,
SI,15.7138,46.4853,,
DZ,6.1311,36.2449,,
IT,9.1154,45.442,,
PG,153.487,-11.581,,
GB,-0.72601,52.0571,,
BR,-44.4808,-18.5895,,
PH,121.085,12.6588,,
PH,121.36,12.8526,,
AZ,46.9846,40.7508,,
US,-93.364,46.0592,,
BY,27.4703,53.1945,,
PM,-56.3418,47.0461,,
VE,-66.3229,10.2616,,
SI,13.6373,45.8477,,
SI,15.0911,45.8487,,
PH,123.717,8.33846,,
PH,124.992,8.74226,,
AR,-54.8406,-27.1262,,
PY,-57.1187,-26.9861,,
HU,20.7319,48.1181,,
SI,15.2253,46.4442,,
LY,15.0186,32.2151,,
US,-89.7189,32.8657,,
US,-92.446,38.5487,,
CK,-157.707,-19.8389,,
UG,30.0476,-0.636828,,
UG,32.0449,0.42844,,
JP,140.972,38.5307,,
JP,131.286,32.0981,,
LY,13.2861,30.6105,,
IN,92.8409,23.2037,,
IT,10.8516,44.4311,,
BY,30.4041,53.8241,,
LS,27.8628,-30.075,,
ME,19.515,42.971,,
MU,57.5955,-20.2492,,
LS,28.9988,-29.202,,
MM,97.8062,16.3045,,
MC,7.39979,43.7461,,
VE,-63.0869,9.50395,,
IE,-6.94174,54.2106,,
LK,81.3431,6.7224,,
TN,10.7538,35.6225,,
KH,106.961,12.6284,,
BT,91.2014,27.1956,,
GB,-2.90226,51.7744,,
BJ,1.79465,6.48568,,
DO,-70.4081,18.9242,,
SC,55.4428,-4.61246,,
SC,55.4633,-4.63449,,
BG,23.1788,43.487,,
US,-110.044,46.9965,,
DO,-71.4527,19.7302,,
DO,-69.816,18.8533,,
SM,12.4699,43.9134,,
UY,-56.2283,-34.8267,,
LR,-10.5806,6.43188,,
IT,9.2774,45.6256,,
BS,-77.5526,26.2973,,
ML,-3.21795,14.7873,,
PE,-70.7546,-16.6807,,
SI,14.7576,46.1337,,
RS,20.2653,43.7127,,
SI,16.2705,46.7159,,
CZ,17.9683,49.7687,,
GB,-3.23013,57.4636,,
SV,-88.1055,13.7736,,
FR,-2.89359,47.8699,,
RU,44.4631,54.1154,,
NO,8.35107,62.5471,,
MX,-99.0785,18.742,,
PG,146.83,-6.3992,,
TZ,36.922,-8.69673,,
EC,-77.8071,-2.4505,,
UG,34.712,2.67,,
FR,6.51862,49.0845,,
RU,38.671,55.1508,,
RU,37.6188,55.7177,,
MT,14.4209,35.9076,,
DZ,0.313449,35.9631,,
CV,-24.3541,15.0008,,
BF,-3.38675,12.3486,,
KM,43.7462,-12.3178,,
LB,35.6942,33.9291,,
PH,121.172,17.0908,,
AO,21.0033,-13.281,,
CI,-7.79453,5.99237,,
TD,18.4827,9.0852,,
CI,-3.47724,6.76303,,
GA,10.5724,-0.374156,,
GB,-6.26357,55.1639,,
UG,31.7226,3.62202,,
SI,14.9377,46.3593,,
UG,32.0899,-0.00825711,,
ZA,30.1421,-25.9893,,
MT,14.4666,35.8426,,
MT,14.4825,35.8949,,
GE,44.7435,42.2106,,
TZ,39.2212,-10.814,,
KW,48.0548,29.2535,,
UG,31.4889,0.58882,,
ZM,32.0234,-11.3701,,
SO,48.1009,5.51036,,
TR,28.6482,37.0501,,
TH,104.531,16.5636,,
UG,32.8051,0.304604,,
MW,35.5397,-15.9868,,
LK,80.5667,9.24043,,
PH,121.053,14.4253,,
MT,14.2276,36.0251,,
BI,29.668,-3.2533,,
ES,-1.45758,37.9136,,
RO,24.6284,46.5856,,
RU,34.3212,67.9609,,
SI,16.1719,46.6532,,
LY,15.2592,24.9977,,
OM,56.2943,25.9744,,
OM,58.6759,23.2505,,
SI,15.1348,46.6223,,
BI,30.3161,-2.89215,,
MW,34.5126,-15.6394,,
TZ,32.6685,-2.67284,,
BI,29.6943,-3.51787,,
UA,31.6498,47.0902,,
MW,33.6587,-11.8792,,
CI,-4.23718,7.05528,,
PK,72.6402,34.9407,,
DZ,-0.830564,33.1649,,
TN,10.7319,36.6794,,
MT,14.2978,36.0451,,
AZ,46.8275,40.5077,,
PH,123.197,13.6153,,
IN,94.5664,26.1094,,
JP,138.019,36.0666,,
JP,128.755,32.6745,,
HU,16.9898,46.4513,,
BF,-1.16782,11.2028,,
KE,36.9039,-1.29384,,
SA,45.6917,18.2931,,
UG,34.6179,1.76261,,
UG,32.1561,1.10855,,
UG,32.3765,1.36245,,
TH,101.21,14.2249,,
TH,100.072,13.917,,
TH,104.628,17.2227,,
TH,102.103,14.8923,,
TH,100.25,15.6943,,
TH,99.7819,8.37448,,
SI,14.3004,46.2932,,
VN,106.254,20.2343,,
UZ,71.2964,40.8746,,
UG,33.8049,0.246262,,
BF,-0.504021,13.1697,,
AO,12.6525,-15.8249,,
MZ,38.7815,-14.9497,,
BE,4.88712,50.3244,,
UG,33.6846,0.877569,,
TH,100.837,18.8264,,
CF,19.4051,7.11882,,
CF,15.4564,5.67426,,
AF,70.3027,34.2153,,
TW,120.988,23.7977,,
UG,34.3004,2.42782,,
EC,-78.5209,-1.2733,,
IT,14.4226,40.8773,,
JP,135.877,34.2815,,
TH,101.727,6.17758,,
NP,84.7202,27.3731,,
CO,-77.9777,1.60168,,
KG,75.9766,41.3438,,
NG,8.27694,8.50412,,
PG,147.174,-9.4476,,
GL,-33.4567,77.0582,,
LV,25.4406,57.926,,
ES,-1.63845,42.7493,,
UM,-75.011,18.4043,,
UZ,64.2722,42.1726,,
PH,120.952,14.6394,,
AZ,45.4212,39.2127,,
MT,14.4379,35.9289,,
BF,-3.03318,12.6594,,
MX,-104.824,21.7934,,
SI,14.9127,46.2864,,
RO,26.4554,46.9704,,
GB,-3.73935,51.6459,,
UG,31.2582,2.44381,,
US,-99.6855,41.5002,,
PY,-57.9275,-26.6639,,
AZ,49.0585,39.3924,,
MY,102.149,2.70857,,
MK,22.1394,41.3722,,
PH,122.985,10.4137,,
PH,123.032,9.75662,,
NZ,173.388,-41.2508,,
RU,56.2877,67.8271,,
MW,34.6946,-15.4366,,
LV,25.1056,56.3246,,
CH,6.76076,46.9893,,
AR,-69.9833,-38.3579,,
AE,56.2932,24.925,,
AE,56.0315,24.8164,,
US,-117.02,39.4299,,
TR,34.6408,38.7415,,
CA,-66.4558,46.5822,,
US,-71.6301,43.5993,,
PG,150.25,-2.51821,,
US,-74.4653,40.0449,,
US,-106.024,34.5002,,
BS,-77.4356,25.0149,,
AU,146.781,-32.4751,,
TW,121.646,24.911,,
US,-75.3242,43.1988,,
GB,-1.5994,54.9931,,
CA,-56.2169,48.6598,,
GB,0.0442535,51.5273,,
GB,-2.94989,51.5866,,
GB,-6.26952,54.1804,,
GB,-5.98106,54.7173,,
PW,134.65,7.65055,,
PW,134.641,7.70686,,
PW,134.597,7.60128,,
PW,134.552,7.47929,,
PW,134.597,7.46286,,
PW,134.575,7.53794,,
VN,104.827,19.3548,,
PW,134.636,7.57313,,
PA,-81.7558,8.68,,
UG,33.7704,1.51075,,
GA,11.1859,-1.48647,,
BI,29.896,-2.86902,,
NE,2.12167,13.562,,
CG,12.3646,-2.97914,,
MZ,36.4227,-13.4918,,
NR,166.921,-0.512961,,
LV,21.0871,56.3535,,
SR,-56.8988,5.64956,,
CY,33.043,35.0214,,
CH,8.40344,46.934,,
AT,15.7448,48.2477,,
DE,8.86184,52.775,,
FR,3.56837,47.1505,,
TR,34.7093,37.8966,,
NG,5.45494,9.95553,,
JP,139.005,37.5471,,
ME,18.8259,42.8341,,
LR,-8.73626,6.8643,,
AF,62.2069,30.7528,,
IQ,42.7469,35.9228,,
CN,106.038,37.1762,,
VN,105.852,20.2722,,
VN,108.925,11.6242,,
HT,-73.3909,18.4297,,
RS,21.9087,43.3388,,
MD,28.2369,47.0476,,
SK,18.3966,48.1443,,
TO,-173.757,-15.9558,,
NU,-169.866,-19.0467,,
RU,44.7751,56.1384,,
TZ,34.8871,-9.39902,,
MW,34.1604,-11.6281,,
MW,34.1715,-12.8398,,
HU,19.5146,47.9662,,
TH,102.311,17.2392,,
TH,102.754,17.7553,,
TH,100.407,13.8933,,
MV,73.3837,5.78713,,
NL,5.16122,51.6008,,
NL,4.89736,52.5748,,
CM,13.8908,8.90981,,
FR,3.22709,50.403,,
HT,-72.3274,19.6412,,
NC,165.058,-21.0082,,
HT,-71.9088,19.4929,,
CD,28.5939,-0.659128,,
CM,10.4002,6.34548,,
HT,-73.0166,19.8257,,
NO,12.2637,64.2773,,
DK,9.73299,56.8261,,
NO,14.7203,66.7347,,
DE,7.65708,51.6146,,
GB,0.953164,52.6602,,
AU,159.076,-31.586,,
NF,167.954,-29.033,,
IS,-17.1782,65.3752,,
IS,-19.7011,65.1515,,
SE,20.4529,66.837,,
CO,-72.8175,8.086,,
HK,114.148,22.5063,,
BW,27.4487,-20.9374,,
KE,40.2748,1.01482,,
BW,23.4709,-19.6141,,
ZM,24.7847,-12.7303,,
BS,-77.6354,26.8873,,
BS,-77.9976,24.8276,,
GB,-4.7108,55.7113,,
,27.535,8.90381,,
GM,-15.9799,13.5236,,
TC,-71.9298,21.8916,,
US,-78.866,35.6152,,
KR,127.668,36.7476,,
US,-100.302,47.4675,,
SD,25.506,16.4602,,
GB,-5.71772,54.6476,,
SG,103.925,1.38379,,
GB,-0.130193,53.5168,,
BS,-76.59,25.4383,,
KR,128.708,36.3396,,
AI,-63.074,18.2243,,
KR,127.081,35.679,,
FI,29.9637,62.7879,,
KZ,69.0682,54.4528,,
IR,57.0475,37.5789,,
SD,29.6122,14.5295,,
GB,-3.9392,55.8694,,
LB,36.0424,34.3933,,
GB,-0.570942,53.5741,,
RU,44.1653,42.9969,,
AI,-63.033,18.2606,,
PG,154.632,-5.23625,,
GB,-2.79158,51.4109,,
IE,-7.97632,52.7597,,
GB,-1.48264,55.0184,,
SG,103.808,1.41809,,
ZA,25.7403,-26.3999,,
GB,-1.37567,54.2158,,
GB,-0.882413,52.3083,,
MK,21.8853,42.2098,,
FJ,178.308,-16.8107,,
GH,-1.11905,9.27258,,
PG,148.227,-9.11432,,
RW,29.8587,-1.61148,,
SD,28.8329,19.3151,,
SL,-11.9468,9.14067,,
ZM,30.7539,-9.79906,,
PK,74.9848,35.7864,,
ZA,20.9961,-29.7437,,
,33.6025,35.1975,,
MP,145.674,16.3573,,
FI,26.2356,65.1599,,
PH,124.812,12.3786,,
FI,27.5702,63.1933,,
AU,133.78,-20.1026,,
NZ,173.981,-35.5874,,
GB,-2.07057,55.3152,,
CA,-119.942,64.0831,,
GR,25.4867,37.0538,,
GB,-1.16592,52.9352,,
GB,-0.983216,53.1186,,
MR,-15.92,18.139,,
BF,-3.34011,10.251,,
SI,13.7337,45.8796,,
CA,-62.8113,45.2293,,
IT,8.53757,45.5878,,
MK,21.6586,41.0253,,
RU,32.9454,58.4228,,
,21.3818,42.58,,
SI,15.1945,45.7779,,
MK,22.8701,41.4278,,
RU,80.0832,55.3139,,
MW,35.1003,-17.0479,,
MW,34.6861,-14.7843,,
MW,33.8763,-13.2659,,
UG,30.3756,1.02038,,
UG,30.3139,-0.976405,,
PH,120.998,15.6863,,
VE,-63.9689,10.9719,,
NI,-86.2589,13.7183,,
PH,121.101,16.3729,,
MX,-99.8307,25.6178,,
SO,48.849,8.46102,,
CA,-97.1443,64.3853,,
IT,9.40063,40.3324,,
AF,70.7567,35.2898,,
ID,116.294,-8.57106,,
ID,120.689,-8.58443,,
LK,80.6991,6.93625,,
UG,31.8584,2.57094,,
GA,10.9768,-2.97713,,
KE,34.4239,-0.511452,,
HU,21.7602,47.9357,,
GN,-8.73838,8.05075,,
MX,-96.2087,16.94,,
AT,13.856,48.2377,,
,21.055,42.6794,,
DJ,43.0464,12.2842,,
CH,8.20594,46.8686,,
MD,27.5685,48.4024,,
HN,-89.0399,14.5248,,
UA,29.7568,46.0315,,
SI,16.28,46.5874,,
IE,-7.53214,53.2565,,
IT,9.52093,39.8913,,
GA,12.8739,0.72338,,
GA,12.5284,-0.972672,,
GA,8.99566,-0.682548,,
LV,25.1269,56.8577,,
NG,3.29255,7.01845,,
AZ,47.4853,41.04,,
NA,16.7798,-17.5789,,
US,-82.6719,40.0924,,
MK,20.8501,41.0273,,
GW,-15.3013,12.2794,,
FR,2.64323,49.3967,,
JP,131.449,33.2006,,
JP,133.831,34.8521,,
JP,123.802,24.3349,,
US,-97.1309,35.452,,
LV,23.9561,56.789,,
HN,-85.9937,14.8052,,
IT,9.28605,40.9282,,
GB,-2.03581,53.5527,,
CZ,17.1244,49.6928,,
PH,120.282,14.8618,,
RO,24.3781,44.3288,,
GB,-7.31156,54.5823,,
NA,19.4738,-22.0526,,
CF,17.802,5.17659,,
MN,103.762,43.4636,,
RU,73.3995,56.0471,,
NA,14.8918,-18.3099,,
NG,5.19165,7.1444,,
VN,105.586,10.6644,,
CA,-84.7943,50.5244,,
SI,15.456,46.381,,
PL,17.7998,50.5498,,
NO,9.24644,61.5731,,
,20.609,42.3901,,
DZ,-0.610009,35.5208,,
ZA,26.4914,-28.5815,,
BZ,-88.8552,17.7122,,
AD,1.52437,42.6036,,
TR,37.4229,40.8376,,
AZ,45.9272,39.0972,,
SE,15.0594,59.3913,,
US,-120.386,43.8333,,
RU,36.4166,52.8778,,
EC,-76.4248,-0.875888,,
RU,56.2149,51.5157,,
ES,-7.59234,42.1609,,
MD,28.8156,47.3961,,
MN,104.286,49.0077,,
MA,-2.5158,33.6161,,
CD,26.785,2.40438,,
IN,84.4341,20.625,,
IT,8.73034,40.0001,,
GB,-3.15683,58.9715,,
PH,124.572,11.0197,,
SI,16.1469,46.4411,,
FR,0.0632139,48.6533,,
ET,40.2242,7.55642,,
BO,-67.5984,-18.7151,,
JP,135.519,34.5993,,
KG,73.177,40.1122,,
NA,15.662,-18.4961,,
NA,17.0179,-18.5381,,
HR,18.506,45.4948,,
NO,10.6419,60.0237,,
MK,21.0347,41.5771,,
TR,36.3011,37.1737,,
SE,15.7022,58.3655,,
NO,11.2074,59.4065,,
FI,22.1482,63.0354,,
NG,4.54911,7.47613,,
NZ,169.887,-45.4296,,
KH,103.55,14.1712,,
NA,18.2876,-20.0032,,
UG,33.3294,2.47637,,
TD,21.1068,13.4714,,
CF,20.7064,5.99454,,
DZ,6.2527,31.0014,,
BF,-1.28565,12.6477,,
BF,-0.411597,14.5769,,
LA,101.548,20.161,,
MA,-14.9815,23.0116,,
BJ,2.55171,6.59423,,
CM,10.5889,5.36694,,
HT,-72.2399,18.5501,,
CF,17.8774,6.92835,,
CF,16.0108,6.67901,,
DZ,7.00715,35.891,,
SC,46.4946,-9.73919,,
NL,6.41649,52.4311,,
MN,102.857,45.7785,,
GB,-1.29123,51.7912,,
UG,32.5298,2.37882,,
NG,3.61681,8.18969,,
LV,23.9479,56.6377,,
KP,124.698,39.5177,,
KP,126.158,39.5005,,
KP,125.955,38.9808,,
UG,32.8933,2.87543,,
IT,11.8371,45.361,,
BM,-64.7811,32.2784,,
MY,102.491,3.84557,,
FI,25.6876,61.2034,,
AF,68.651,32.5106,,
AF,69.3826,33.575,,
WS,-172.454,-13.7195,,
PH,117.912,9.02764,,
ES,-4.59868,42.3386,,
IT,13.5583,37.889,,
UG,33.688,1.18799,,
CK,-159.771,-18.8968,,
UM,-162.076,5.88359,,
PH,120.651,15.0215,,
MU,57.573,-20.0899,,
PA,-78.9283,9.08628,,
BO,-67.4319,-11.273,,
LT,24.9143,56.0725,,
PH,120.341,15.8696,,
MT,14.505,35.8727,,
CY,32.5276,34.9307,,
ID,138.689,-4.10825,,
BR,-52.6491,-4.44313,,
SR,-55.3042,5.49368,,
CN,111.201,15.7833,,
PY,-57.146,-25.9805,,
BR,-36.2726,-7.34234,,
SR,-55.1707,5.84317,,
BR,-51.3228,-24.6618,,
PH,121.016,14.49,,
CZ,16.2784,49.8651,,
LV,25.0767,57.3575,,
FR,2.34347,48.8594,,
IT,10.04,44.6355,,
EE,23.9802,58.1294,,
BT,89.3837,27.4896,,
AF,69.7587,35.3368,,
AF,68.8995,34.9984,,
FR,2.3614,50.4661,,
PH,120.999,14.5449,,
PE,-75.4586,-10.3457,,
PH,121.1,14.568,,
BF,-2.10662,12.8734,,
EC,-76.8768,-1.84655,,
PH,121.083,14.543,,
TH,100.625,14.034,,
TH,101.381,6.7391,,
CV,-25.0151,17.1179,,
IT,9.2558,45.1396,,
LV,21.2474,56.8115,,
KZ,76.3751,52.2076,,
UY,-57.224,-32.0933,,
BG,24.1391,42.192,,
RS,22.0252,42.5543,,
,20.3112,42.6569,,
HU,18.2337,46.0699,,
DO,-71.5201,17.9396,,
MK,21.4512,41.147,,
PW,134.259,7.02649,,
GR,22.3501,37.3319,,
BT,91.3405,26.9641,,
BM,-64.7997,32.2995,,
MT,14.4756,35.9279,,
GB,-4.90281,51.6602,,
TT,-61.4269,10.1459,,
VU,168.195,-15.7575,,
TW,119.597,23.5724,,
US,-77.6094,40.8601,,
CK,-157.956,-8.99614,,
RU,44.8159,53.0562,,
MY,101.059,4.74737,,
DO,-70.3799,18.359,,
MY,100.253,6.52169,,
RU,56.5878,58.8735,,
BR,-37.2958,-8.47283,,
BG,22.8519,42.6064,,
GB,-3.88225,56.571,,
IT,12.4925,43.1011,,
IT,12.6409,43.7017,,
IT,13.8877,42.3126,,
SI,15.7082,46.6254,,
HU,19.4435,47.4344,,
GT,-90.0321,16.888,,
GB,-0.270107,52.5833,,
MW,35.667,-15.6883,,
TH,98.394,8.57678,,
TH,100.062,7.47276,,
TH,100.16,19.1866,,
MK,22.8833,41.7917,,
TH,101.21,16.2589,,
TH,99.5964,12.8727,,
TH,100.374,16.2321,,
TH,100.49,16.9748,,
KH,104.874,11.5733,,
LA,102.245,21.6153,,
TH,100.522,14.402,,
TH,99.9263,18.0577,,
VN,105.143,21.3127,,
VN,109.064,13.1647,,
TH,98.3472,7.97108,,
IT,9.58167,44.8704,,
BR,-43.1974,-8.08698,,
EC,-78.5045,-0.087133,,
MT,14.4927,35.8891,,
CU,-83.674,22.4952,,
TW,120.661,22.5344,,
SI,13.6309,45.4801,,
FI,23.7573,61.6936,,
RS,22.5488,43.1029,,
IT,10.6759,43.5528,,
IT,10.8592,43.9481,,
GN,-12.62,10.9341,,
PN,-130.102,-25.0707,,
GL,-68.3611,76.4432,,
PE,-80.2868,-5.09955,,
SI,14.2444,45.6834,,
MU,57.5197,-20.3599,,
SC,55.4693,-4.65451,,
LI,9.5494,47.1875,,
MK,21.1173,41.4424,,
BJ,2.60483,7.15213,,
NG,9.60601,8.95327,,
CG,15.3777,-2.04221,,
TG,1.05973,7.38285,,
ME,19.9168,42.5985,,
LV,25.731,56.6868,,
BG,24.6181,43.4953,,
ME,19.2264,43.3019,,
BG,24.8449,42.3061,,
ME,18.8229,43.1483,,
GB,-4.11254,50.3951,,
CZ,13.2001,49.6458,,
SI,15.6501,46.048,,
ME,19.3069,42.4462,,
PL,22.7225,53.3396,,
SI,15.8719,46.3116,,
,21.1831,42.867,,
RS,20.9527,44.4765,,
SI,15.3569,46.6021,,
FM,158.163,6.86579,,
TT,-61.6685,10.1669,,
SC,55.5163,-4.67403,,
CG,11.859,-4.80537,,
MK,20.8349,41.8584,,
LK,81.048,7.99997,,
UA,33.7723,49.6978,,
EE,27.1696,58.0905,,
SI,15.087,46.3034,,
PL,18.272,54.26,,
GY,-59.9838,6.18361,,
RS,21.3631,43.9757,,
RS,21.1638,43.5211,,
ES,-8.4998,42.5257,,
CG,15.0436,-3.71115,,
GB,-1.96155,50.7427,,
IT,12.6981,46.2122,,
SC,55.4262,-4.65351,,
MU,57.5296,-20.1667,,
MU,57.5038,-20.1496,,
TT,-61.5204,10.6647,,
PT,-7.65389,39.2822,,
JM,-76.5041,18.1179,,
PT,-8.33114,41.2118,,
CV,-25.2258,17.0173,,
GB,-0.979793,50.8032,,
VE,-69.3776,9.15625,,
BA,18.2977,45.06,,
SI,14.1802,45.7924,,
GY,-59.2238,4.93151,,
IT,15.9408,40.3331,,
BO,-66.7701,-20.9033,,
KH,103.549,12.3391,,
GB,-3.4415,52.338,,
TH,101.594,14.1081,,
TH,99.7274,12.3053,,
CZ,14.4487,50.0647,,
RO,26.0168,45.1133,,
CV,-23.5159,14.9529,,
LC,-60.918,13.8674,,
IT,11.0826,43.8965,,
KH,105.125,13.728,,
SI,15.0943,46.2214,,
SI,14.46,46.3286,,
LV,26.696,56.2674,,
PY,-58.9417,-23.4234,,
SK,21.2037,49.1426,,
SI,14.8823,46.5675,,
KH,105.473,11.3561,,
LV,21.555,56.4189,,
LV,25.4447,57.3657,,
MK,21.6444,41.2806,,
RU,134.594,44.8622,,
HR,14.6925,45.3736,,
CA,-63.3862,46.3417,,
TT,-61.3096,10.2039,,
ST,7.39374,1.60769,,
,21.2515,42.6882,,
,20.7289,42.1884,,
MK,22.174,41.9372,,
TC,-72.2861,21.7987,,
RU,29.1229,57.2449,,
SI,15.8673,46.4273,,
SI,16.132,46.7506,,
IN,79.7758,10.9224,,
MX,-97.8889,18.549,,
DO,-70.7972,19.7427,,
PH,118.673,9.89211,,
PR,-66.4441,18.2448,,
CK,-165.802,-10.9163,,
MY,100.261,5.36839,,
BT,89.8223,27.6756,,
IN,75.3762,31.0245,,
PK,72.3449,31.3589,,
CR,-83.2294,8.93419,,
MY,101.706,2.93814,,
LK,79.9111,7.94944,,
CO,-75.5514,0.420217,,
FR,3.26844,45.8135,,
TZ,39.7491,-7.86726,,
FR,-0.74999,43.259,,
FR,2.54908,42.5738,,
GL,-49.3311,74.5573,,
LS,28.6768,-29.9679,,
MT,14.3163,36.0332,,
KZ,70.1925,48.0823,,
AZ,46.7976,41.375,,
AZ,45.2004,41.0778,,
IR,49.6996,36.0552,,
AZ,47.7784,40.9578,,
GL,-47.3782,66.5487,,
EG,32.4417,26.1216,,
CN,96.2377,35.2652,,
AZ,48.9623,40.4977,,
IR,50.978,34.6662,,
MT,14.4684,35.8753,,
KZ,64.1291,51.2854,,
MT,14.4531,35.8312,,
VN,106.357,17.4691,,
VN,107.955,15.6535,,
VN,108.686,14.9971,,
VN,107.181,21.223,,
VN,106.973,16.7204,,
MU,57.4801,-20.2688,,
AZ,48.3368,41.1847,,
AZ,46.5917,39.3434,,
CA,-73.7168,52.2593,,
AU,144.778,-23.1364,,
MX,-99.9663,20.7392,,
GT,-91.7831,14.7269,,
PH,122.037,13.8708,,
PH,121.067,14.6711,,
GT,-90.8819,15.5049,,
GW,-15.1905,11.5576,,
CO,-75.64,4.47197,,
MX,-88.344,19.3861,,
PH,121.663,16.2982,,
SY,35.9145,33.053,,
AZ,48.1944,41.4005,,
LS,27.9441,-30.3539,,
KZ,63.6151,44.6012,,
MV,72.9751,5.80628,,
MT,14.3774,35.8833,,
MA,-6.42079,33.6986,,
SI,15.6401,46.4507,,
GE,43.1304,42.6296,,
SI,15.1559,46.0658,,
SI,16.0594,46.6266,,
SI,15.2526,46.6029,,
MK,22.4679,41.6365,,
SI,14.1929,46.3361,,
BS,-75.7413,22.2296,,
IT,14.6539,36.9079,,
MH,168.959,7.59556,,
IN,73.8556,26.7468,,
BD,89.0438,24.6664,,
CK,-161.065,-10.0641,,
UG,31.5253,-0.753019,,
MM,93.6396,20.2747,,
BD,89.112,25.7571,,
MK,22.1049,42.1895,,
TH,98.58,9.51717,,
EE,24.6953,58.9829,,
NP,82.5518,28.3268,,
CK,-159.789,-21.2088,,
AE,55.9791,25.6964,,
RS,20.5783,43.3811,,
KP,130.373,42.3414,,
MH,170.243,9.45915,,
TH,99.6128,13.4964,,
LK,80.5623,6.57933,,
LV,25.641,57.3411,,
IT,12.0852,44.4235,,
SI,14.9541,46.5451,,
YE,43.758,14.6655,,
TH,101.402,12.8125,,
IR,58.7976,35.584,,
BG,26.5873,43.6291,,
SI,16.2803,46.5269,,
GB,-1.03367,51.4497,,
SD,35.8873,19.5289,,
GB,0.0852329,51.5732,,
GB,-0.999287,54.5485,,
AG,-62.3467,16.9335,,
IT,16.0152,38.2363,,
IT,10.6186,44.6699,,
CL,-70.7527,-33.4568,,
DZ,0.820498,35.8174,,
GB,-4.55373,55.8437,,
SB,160.273,-11.6204,,
MK,21.0472,41.027,,
GT,-91.8364,14.3957,,
IS,-21.8646,64.0828,,
LV,27.3335,56.516,,
LV,27.2633,56.3554,,
MD,28.819,47.6683,,
MD,29.084,47.7344,,
DE,7.36974,49.8685,,
US,-71.5082,41.6242,,
GB,-3.40988,51.617,,
FR,4.64841,45.841,,
ID,101.745,0.396892,,
CV,-24.287,16.6197,,
CV,-25.1204,17.1418,,
CV,-23.6404,14.9768,,
SI,14.7047,45.7413,,
SI,15.2558,46.5309,,
GB,-0.298542,51.4072,,
LV,26.8189,56.3637,,
IT,12.9445,42.3382,,
SY,37.0728,33.5286,,
KE,36.0169,1.15655,,
LV,24.1235,56.9878,,
IT,12.5607,43.9996,,
TT,-61.1024,10.2814,,
BR,-43.1152,-22.4049,,
BR,-36.5472,-5.66157,,
BR,-53.656,-29.7277,,
AR,-67.3641,-40.1261,,
UY,-57.4891,-32.7441,,
NI,-84.5184,11.1691,,
CO,-75.6743,4.82682,,
MD,27.5565,47.9614,,
NI,-85.7633,11.3524,,
LR,-9.39724,5.82919,,
LR,-7.91438,5.29303,,
SD,33.7623,17.558,,
UY,-55.3279,-31.4683,,
NG,6.81969,4.9979,,
MU,57.6557,-20.0651,,
MU,57.4149,-20.3424,,
UA,26.3841,51.048,,
PH,121.284,14.6809,,
TR,40.8691,40.9466,,
UY,-53.9584,-33.9106,,
GB,-2.1438,53.6277,,
SC,55.4828,-4.6495,,
MU,63.4542,-19.697,,
NO,6.41809,59.1585,,
SI,15.6536,46.2433,,
SI,16.017,46.799,,
SI,15.7385,46.2383,,
TH,103.827,15.9601,,
LV,22.7688,57.4888,,
IT,12.7308,41.965,,
PH,122.555,12.4045,,
BR,-63.1439,-10.9712,,
LV,24.5818,56.9649,,
BR,-61.3325,1.93803,,
IE,-8.21208,53.7738,,
AS,-168.166,-14.525,,
RU,41.2613,47.9913,,
MP,145.205,14.1465,,
KH,107.082,13.2418,,
GB,-1.29072,53.3854,,
FJ,177.067,-12.4964,,
IT,11.8695,45.0532,,
GB,-0.700975,51.4769,,
ME,20.2013,42.8615,,
UG,29.9095,-0.269997,,
LV,21.2115,56.2259,,
LV,27.1093,56.9853,,
LI,9.51882,47.2458,,
LV,25.2607,57.8851,,
UG,29.9095,-0.710038,,
TZ,31.3337,-7.8958,,
BS,-74.8408,23.6787,,
MW,33.953,-10.7114,,
LV,23.9643,56.4087,,
BG,25.9305,43.6211,,
SI,15.486,46.5156,,
BI,30.1331,-3.84824,,
GB,-0.610216,52.657,,
TZ,36.3365,-10.7136,,
BI,30.3391,-3.44273,,
KP,127.875,40.9611,,
RU,40.6258,54.3363,,
TH,102.384,13.8589,,
EE,23.2464,57.8027,,
DE,6.86625,49.4026,,
AZ,48.4591,39.7892,,
NL,-63.2371,17.6325,,
MY,117.095,5.31115,,
LY,15.1065,27.2371,,
AZ,48.8122,39.8179,,
GT,-90.7545,14.6139,,
DE,13.4596,51.0053,,
DE,11.6796,51.9338,,
YE,44.0404,16.9876,,
MT,14.4902,35.8323,,
JP,130.147,33.0097,,
MM,95.1821,23.7031,,
NP,86.6607,27.2719,,
AZ,45.5799,39.4227,,
HK,114.249,22.3463,,
DZ,0.178599,34.5917,,
SN,-14.9945,16.3051,,
PM,-56.1918,46.7795,,
BB,-59.5759,13.2551,,
DM,-61.3589,15.5378,,
GD,-61.6329,12.1224,,
JM,-76.7685,18.0229,,
VC,-61.2287,13.1977,,
JM,-77.2438,18.3194,,
KN,-62.8369,17.3574,,
MS,-62.1886,16.7048,,
BL,-62.8288,17.9017,,
JM,-77.0292,17.8518,,
VI,-64.7798,17.735,,
DM,-61.2919,15.3956,,
GD,-61.6617,12.055,,
VC,-61.204,13.3142,,
JM,-77.7646,18.0537,,
AG,-61.7804,17.1084,,
BB,-59.5479,13.1489,,
DM,-61.3489,15.3,,
GD,-61.7226,12.0681,,
VC,-61.1899,13.1695,,
KN,-62.6868,17.2836,,
KN,-62.5571,17.1301,,
BM,-64.6998,32.3645,,
MS,-62.1671,16.7442,,
SH,-5.70643,-15.9317,,
BB,-59.6259,13.192,,
JM,-77.8715,18.3637,,
KN,-62.5718,17.1782,,
AG,-61.8237,17.1101,,
BB,-59.5039,13.1795,,
DM,-61.4483,15.5767,,
GD,-61.7094,12.1446,,
VI,-64.7461,18.3422,,
KN,-62.7967,17.382,,
KN,-62.5949,17.1162,,
BB,-59.5495,13.2118,,
DM,-61.3863,15.4355,,
MT,14.1971,36.0471,,
SC,55.4388,-4.62247,,
BB,-59.615,13.3177,,
DM,-61.3644,15.2483,,
DM,-61.3612,15.2217,,
GD,-61.6749,12.189,,
AG,-61.857,17.0368,,
JM,-76.8859,18.2655,,
KN,-62.7286,17.3459,,
BB,-59.6047,13.118,,
DM,-61.3052,15.2768,,
GD,-61.6342,12.2147,,
VC,-61.2534,13.2313,,
AG,-61.7671,17.0352,,
DM,-61.3717,15.3529,,
KN,-62.8337,17.3911,,
KN,-62.6162,17.135,,
AG,-61.7404,17.0935,,
BB,-59.6109,13.2679,,
DM,-61.4448,15.4986,,
MS,-62.2017,16.7762,,
KN,-62.7065,17.3221,,
AG,-61.7021,17.0601,,
BB,-59.47,13.1368,,
BB,-59.5898,13.1877,,
JM,-76.4226,17.951,,
VI,-64.9263,18.3543,,
KN,-62.6064,17.1597,,
KN,-62.7943,17.3279,,
MP,145.744,15.1921,,
JP,139.287,36.0173,,
TR,30.4439,40.6596,,
RU,130.989,65.5964,,
RU,152.467,47.3479,,
TH,103.845,17.3577,,
CV,-22.9363,16.7251,,
IQ,43.7294,34.3421,,
LV,24.41,57.746,,
RO,23.1615,47.1483,,
ES,-5.9926,40.8324,,
TD,20.6054,10.5811,,
LV,25.7187,56.4905,,
LV,24.365,56.8708,,
LV,22.4024,56.6408,,
IT,15.2189,40.4362,,
GB,-2.40861,53.5006,,
HU,19.7907,48.1057,,
MW,34.4903,-13.7572,,
SI,16.2448,46.8451,,
TC,-71.2072,21.3295,,
AR,-64.4715,-25.0203,,
UY,-57.0428,-31.4398,,
,20.0899,60.322,,
AZ,49.0495,39.7198,,
AT,13.0106,47.2534,,
DO,-69.4756,19.2717,,
AF,67.683,36.0506,,
PH,124.999,11.8292,,
RU,50.4377,53.1783,,
UZ,66.3126,39.9926,,
AZ,48.5986,40.3768,,
BT,89.0493,27.0219,,
BT,91.7328,26.9509,,
GE,42.3632,42.5492,,
TR,36.0198,41.2761,,
GE,43.2296,41.5149,,
TH,100.704,13.606,,
TH,100.225,13.5655,,
TH,99.9736,13.4036,,
AZ,46.4234,40.8795,,
CO,-81.7049,12.5429,,
DO,-70.1914,18.5126,,
TT,-61.4589,10.2772,,
MT,14.4756,35.905,,
CR,-84.0105,9.60369,,
UY,-56.7651,-34.3117,,
DO,-70.525,18.6367,,
AR,-68.6612,-30.97,,
DO,-71.2622,18.8948,,
PH,121.044,14.5975,,
TT,-61.4498,10.613,,
AR,-66.135,-33.9469,,
MX,-100.324,22.4465,,
GT,-91.9311,15.0311,,
SM,12.4243,43.9215,,
PE,-76.6238,-7.30853,,
SV,-88.1953,13.4882,,
PY,-56.6053,-24.2001,,
DO,-69.3484,18.4796,,
BS,-74.4785,24.0513,,
SV,-89.1488,13.713,,
SV,-88.6917,13.6291,,
YE,44.368,15.2262,,
DO,-70.15,19.0101,,
CU,-79.3804,21.9618,,
PG,141.741,-3.45778,,
GB,-2.00281,52.5118,,
AI,-63.0814,18.2192,,
AI,-63.0151,18.2301,,
BM,-64.8687,32.2985,,
CG,15.7466,1.12682,,
CF,16.3383,3.21418,,
TT,-61.1277,10.6838,,
BF,-2.57298,12.2508,,
CH,9.21267,47.1524,,
TR,39.0508,37.3189,,
VU,167.155,-15.6781,,
BF,-1.08045,13.227,,
MT,14.2514,36.0201,,
AD,1.47975,42.4511,,
SV,-89.5013,14.1024,,
HN,-88.33,15.0527,,
BR,-51.1586,-27.0392,,
CV,-23.7027,15.0918,,
CV,-24.3301,14.9241,,
AR,-69.6596,-49.0428,,
BO,-61.137,-16.5168,,
CV,-23.5494,15.1157,,
ES,-16.6144,28.2566,,
EC,-80.5772,-2.15487,,
AR,-60.8593,-30.7764,,
MT,14.5028,35.8531,,
GT,-90.3389,14.1651,,
MT,14.4781,35.8865,,
CO,-73.4981,6.85402,,
PT,-8.40378,39.291,,
DO,-70.8974,19.2636,,
PH,121.511,16.7428,,
CU,-76.2117,20.1959,,
AR,-63.445,-27.6882,,
DO,-71.2919,19.3626,,
DO,-69.8427,18.5664,,
EC,-79.2525,-0.34834,,
CV,-23.5254,15.0152,,
CV,-24.4403,14.9241,,
CV,-23.5781,15.0439,,
CV,-23.6356,15.178,,
BR,-48.5206,-22.2267,,
CV,-23.6164,15.0678,,
ST,6.61185,0.234574,,
CV,-24.972,16.8449,,
FR,4.5138,46.6789,,
TH,100.909,14.4914,,
MK,21.2491,41.975,,
BA,18.3077,43.7991,,
BA,18.751,43.9275,,
SR,-55.6138,5.70188,,
PH,125.303,5.95631,,
RU,46.6368,51.6742,,
LA,106.248,15.7614,,
MY,113.344,2.44952,,
AF,66.2158,35.7062,,
GG,-2.36628,49.4309,,
FR,0.170679,47.9682,,
CA,-105.682,54.4965,,
IT,8.68451,40.6361,,
FI,22.1012,61.4773,,
RO,22.8986,47.6632,,
TH,99.9633,6.85827,,
WS,-172.635,-13.6365,,
LV,24.4305,57.2552,,
MG,49.8621,-14.3074,,
CI,-5.36817,9.82238,,
TG,0.415303,10.5136,,
LA,105.771,16.4937,,
MU,57.5211,-20.464,,
ME,19.1516,42.9571,,
FR,6.47098,45.4832,,
IT,8.28916,44.2864,,
,117.754,15.1521,,
LI,9.51381,47.1819,,
CH,8.6232,47.7205,,
LI,9.53828,47.242,,
DE,9.84605,54.1315,,
CH,8.68573,47.0455,,
GB,-2.77899,55.4929,,
AZ,44.8638,39.699,,
SN,-15.6151,12.8803,,
GB,-3.05568,53.5647,,
ML,-5.51952,13.5852,,
ES,-4.04672,41.2066,,
FR,2.84201,48.5515,,
FR,1.1513,49.5936,,
FR,2.51916,48.9289,,
LV,24.5327,57.198,,
KR,127.229,36.4974,,
AZ,47.1565,41.0486,,
AZ,47.1885,41.1882,,
MY,101.428,3.3078,,
BW,27.8625,-21.9728,,
MN,106.46,48.8536,,
SI,15.4976,46.5799,,
UG,31.3783,0.0246698,,
ER,37.9175,16.6263,,
SI,15.161,45.6477,,
AZ,46.0161,40.8317,,
IR,54.4381,35.4243,,
SI,13.6431,45.9187,,
SI,14.4252,46.2408,,
MT,14.5149,35.8864,,
SD,34.252,13.21,,
BF,-0.07114,13.8673,,
SI,15.713,46.6904,,
SI,15.3503,45.8143,,
SI,15.4424,46.1784,,
KR,126.994,37.5408,,
UG,33.4424,1.50212,,
BR,-37.3836,-10.5918,,
,-78.6381,15.864,,
SM,12.4721,43.9676,,
AZ,45.0172,39.5929,,
NP,81.163,29.312,,
DZ,5.38428,36.0513,,
PT,-8.57318,38.2071,,
UA,33.6396,44.5182,,
RS,19.5801,45.9326,,
RS,20.2047,45.9589,,
ES,-5.73917,37.438,,
SI,15.2616,46.0132,,
SI,13.8449,45.7319,,
TN,11.0329,34.6495,,
HK,114.2,22.3807,,
CN,108.363,33.7713,,
SO,46.0549,3.00561,,
SO,44.185,1.63602,,
YE,47.0989,14.8965,,
HK,114.164,22.3331,,
EG,33.6723,30.5071,,
MM,98.1593,21.5185,,
CN,118.114,36.3271,,
CN,121.409,31.0909,,
CN,112.389,37.7586,,
AE,55.7788,25.172,,
MV,73.2145,6.28509,,
UG,30.3454,-0.636828,,
VU,168.301,-16.7385,,
GB,-1.57387,53.4087,,
BT,90.8505,27.0763,,
GB,-1.23858,60.3097,,
GE,43.9997,42.1586,,
JP,136.093,35.1832,,
JP,132.603,35.0972,,
TZ,33.2015,-3.65098,,
AM,43.8178,40.8194,,
AZ,48.9257,39.9474,,
SZ,31.4265,-27.0243,,
JP,138.306,35.0359,,
AL,19.7573,42.2144,,
GB,-2.72133,52.6167,,
BG,26.9857,43.2942,,
TH,104.418,14.8248,,
LT,23.2677,55.9585,,
HR,16.0356,43.7911,,
RO,24.2957,45.9038,,
CN,102.384,30.5431,,
DZ,-0.586496,34.8335,,
TN,9.43328,34.9757,,
KH,104.043,13.5711,,
IT,11.4207,43.2205,,
WF,-178.161,-14.2659,,
MT,14.4252,35.8474,,
GN,-9.3936,11.5701,,
LV,24.8272,57.0998,,
TR,42.2212,37.9159,,
ML,-6.54441,11.155,,
IN,88.4482,27.5709,,
TD,21.1347,12.2336,,
PL,18.9924,50.1978,,
TN,9.33745,35.5597,,
BG,27.0072,43.9352,,
TZ,34.2172,-2.96688,,
MX,-108.001,25.6041,,
PK,68.8685,26.3734,,
TH,100.343,14.9746,,
MD,28.1728,47.6929,,
TZ,34.4149,-5.59564,,
LR,-8.86819,5.39111,,
TR,34.8226,41.5894,,
SX,-63.0677,18.0401,,
SR,-55.9918,3.53162,,
TT,-61.6987,10.118,,
PH,123.597,9.17807,,
IT,15.0549,37.0869,,
UZ,68.8037,39.9519,,
TR,42.5455,37.4047,,
UG,34.3234,1.15945,,
HR,16.4156,45.4687,,
BF,-2.10887,11.1806,,
IR,61.0471,27.4268,,
TR,37.2907,39.429,,
AZ,49.0973,41.0414,,
DK,11.7483,55.4417,,
SE,13.5193,55.9073,,
DZ,6.81608,36.7555,,
SI,15.3006,45.9221,,
SI,14.2779,46.1576,,
SI,14.5747,45.9583,,
MK,21.6898,41.8999,,
LV,25.0971,56.6786,,
LV,21.9901,56.6446,,
MT,14.4992,35.9083,,
IE,-8.489,54.1277,,
BG,26.2373,42.7164,,
GB,-0.547994,51.4769,,
SI,15.076,46.4914,,
SI,15.5283,46.4241,,
SI,15.4612,46.3232,,
SI,15.5302,46.2188,,
SI,14.8692,46.0231,,
SI,15.0326,46.3421,,
LV,26.0091,57.4025,,
BM,-64.7319,32.3141,,
RU,33.0803,54.6726,,
BG,24.6089,41.6644,,
VN,105.9,9.5614,,
SE,16.6334,59.0778,,
SI,14.6157,45.7548,,
MZ,34.8544,-18.7726,,
BG,23.606,42.288,,
MG,48.4645,-15.2909,,
NO,6.43282,61.5538,,
NG,5.4366,13.0603,,
SI,14.6582,46.4114,,
MD,28.6952,47.8423,,
GB,-1.71185,52.4038,,
GT,-91.2727,14.7372,,
CH,7.41999,47.4325,,
ET,43.5345,7.09365,,
,45.7932,9.63996,,
GB,-3.03172,51.0339,,
FR,2.36029,49.8757,,
HU,17.5491,46.3623,,
VN,104.159,21.3011,,
IT,9.81202,46.2035,,
TH,100.568,6.81212,,
MX,-110.485,29.5293,,
SV,-89.6937,13.7165,,
PW,132.204,5.28876,,
MK,21.332,41.8337,,
HU,16.6001,47.6911,,
NO,10.6956,62.9613,,
ES,-2.55925,41.6463,,
UY,-57.7585,-33.4821,,
MD,28.2477,48.1034,,
UG,33.5911,1.73376,,
PH,124.001,12.7377,,
SI,14.9905,46.4223,,
,20.6633,60.1333,,
LC,-61.0447,13.8545,,
DZ,7.84211,36.1547,,
BF,-1.31801,14.2352,,
BF,-2.95968,13.2875,,
MA,-7.71517,30.6732,,
TN,10.4255,35.9323,,
BW,25.7446,-24.9869,,
BS,-77.2421,26.0179,,
BS,-77.6043,23.7822,,
AU,135.783,-29.6504,,
GB,-4.73841,55.2304,,
TC,-71.4782,21.7034,,
US,-80.6471,33.8578,,
KR,126.874,36.4602,,
PH,124.808,6.30746,,
US,-100.255,44.4711,,
IE,-6.40147,53.2831,,
SG,103.932,1.33524,,
BS,-76.1967,24.7344,,
GS,-27.1942,-59.4548,,
GB,-2.462,51.5239,,
KR,128.217,35.3192,,
AI,-63.0881,18.2083,,
KR,126.884,34.8166,,
FI,28.5567,61.2148,,
KZ,68.7533,42.7187,,
IR,59.489,32.4563,,
SD,29.83,11.4504,,
GB,-3.82617,55.5981,,
LB,35.2966,33.2661,,
IE,-7.83145,52.4462,,
GB,-1.44209,54.9526,,
SG,103.705,1.33718,,
BM,-64.8375,32.2524,,
GB,-1.3776,50.9158,,
MK,22.6211,41.3841,,
MK,22.3973,41.243,,
GB,0.73146,51.5498,,
BW,24.3683,-25.0004,,
HK,114.204,22.2402,,
RW,29.6424,-2.38388,,
SL,-12.0512,7.85416,,
ZM,26.9583,-16.6906,,
SD,24.5964,11.3694,,
PG,143.446,-6.38625,,
PH,125.215,10.0694,,
ET,36.4494,6.21467,,
FI,23.1486,62.7521,,
FI,27.9693,61.8152,,
NZ,167.928,-45.6455,,
GB,-0.0655202,51.466,,
BW,26.1919,-20.5752,,
BS,-76.8334,25.5237,,
HR,16.788,43.5266,,
,113.342,8.26522,,
,20.7437,42.7169,,
RS,20.5398,45.4421,,
RS,19.6739,45.0381,,
NL,-62.9719,17.4852,,
MT,14.4897,35.9126,,
MF,-63.078,18.0799,,
MT,14.4042,35.9405,,
GB,-2.01517,52.9024,,
BZ,-88.4963,16.809,,
BG,25.5689,42.4759,,
SI,15.7678,46.4544,,
RU,43.2791,44.981,,
MD,29.7739,46.5031,,
AT,14.8565,47.3901,,
AZ,46.7662,39.8285,,
GR,22.6102,38.6373,,
,21.0042,42.4144,,
MD,29.1763,47.1532,,
MK,22.1689,41.6824,,
GB,-4.28804,56.2213,,
SE,17.8652,59.3659,,
GB,-2.1408,53.3787,,
GB,-1.32309,54.5378,,
KH,106.095,13.6662,,
GB,-2.16701,53.0034,,
AI,-63.0368,18.2387,,
LV,24.3323,56.9362,,
SI,15.3276,46.1996,,
GB,-7.41337,54.8064,,
MD,28.5847,47.1828,,
CZ,14.4559,49.7498,,
LV,25.7924,57.6356,,
,21.0064,42.2201,,
MK,20.602,41.1813,,
MK,21.4592,41.8317,,
PL,22.4341,49.8555,,
RO,25.8089,47.2144,,
GT,-91.3803,14.5182,,
CO,-75.1319,9.01236,,
VE,-63.3542,10.4729,,
EC,-76.6135,-0.085516,,
CM,11.731,2.79256,,
HT,-73.7855,18.2929,,
NC,167.487,-22.608,,
CI,-5.49467,5.63293,,
CI,-3.12754,5.52003,,
HT,-72.3683,18.2947,,
CD,28.1159,-3.10474,,
CM,9.24481,5.12818,,
GB,1.06039,52.159,,
EG,31.8037,26.5104,,
MN,113.904,46.1847,,
TH,99.7009,17.2435,,
ID,119.316,-2.69615,,
ID,119.99,-3.7444,,
ID,120.153,-1.30097,,
ID,122.119,-4.0746,,
ID,124.446,0.853039,,
PH,124.382,6.52568,,
PH,120.865,5.53722,,
RS,20.8116,44.0985,,
ID,100.611,-0.642611,,
ID,104.073,-3.3824,,
ID,99.2161,2.36304,,
AZ,49.5962,40.5841,,
UA,34.3159,50.8153,,
,20.2117,60.2575,,
GB,-1.46175,54.8617,,
IS,-18.5336,64.0187,,
IS,-22.1206,63.9429,,
TH,100.034,14.4298,,
TH,99.0107,9.0048,,
PH,125.959,9.66326,,
PH,126.097,8.80931,,
TH,103.588,14.9355,,
UZ,67.4269,37.9835,,
GB,-0.388084,51.2608,,
LY,17.4523,30.2021,,
AZ,46.658,39.7027,,
AZ,46.7523,39.7618,,
MK,21.4069,42.0341,,
GB,-0.176573,51.3606,,
,20.8519,42.3371,,
NO,18.069,78.8124,,
KH,105.888,11.0416,,
RU,61.7078,58.8952,,
SI,15.8405,46.6459,,
SI,15.9658,46.5244,,
SI,16.0294,46.5629,,
MK,21.9509,41.8778,,
AS,-171.08,-11.0577,,
GB,-4.06364,51.6203,,
MT,14.4698,35.917,,
PL,20.7951,50.701,,
GB,-1.71017,51.567,,
DK,9.1292,55.349,,
BD,91.7033,24.6452,,
AM,46.1518,39.2479,,
HU,22.182,47.9535,,
HU,20.1431,46.2689,,
HU,18.4618,47.1977,,
HU,18.6981,46.356,,
HU,20.168,47.206,,
HU,16.625,47.2308,,
MT,14.4945,35.8945,,
MX,-92.8274,18.1252,,
SI,15.0116,46.2258,,
TZ,32.6595,-6.82145,,
SA,36.8014,27.9146,,
VE,-72.0039,7.85734,,
PH,124.98,11.2439,,
PE,-70.3423,-17.5742,,
UY,-55.6607,-32.1061,,
DJ,42.5043,11.7972,,
MA,-6.36087,32.1648,,
TJ,70.1331,38.9773,,
VU,169.818,-20.1892,,
JO,35.6436,30.7879,,
MR,-10.3284,18.6165,,
PH,121.062,14.518,,
NE,5.27361,15.6002,,
HK,114.154,22.4447,,
TW,120.966,24.238,,
TW,120.182,23.0464,,
TW,121.559,25.0904,,
TW,121.54,22.0499,,
YE,43.7305,13.4282,,
LY,13.5154,32.6867,,
TH,98.8441,17.0043,,
SC,55.5173,-4.79065,,
KH,104.751,10.9346,,
AF,69.8124,36.8335,,
KG,72.2727,42.4795,,
LV,22.6192,57.317,,
DZ,6.39695,23.0089,,
MX,-98.5197,24.0808,,
SN,-13.2878,13.9278,,
RU,41.5945,52.7808,,
GB,-2.0958,53.4567,,
IN,78.2704,11.0159,,
TD,16.4994,9.67051,,
TZ,38.1412,-5.18525,,
MA,-5.35664,35.2884,,
MM,98.7746,13.6116,,
TW,121.227,24.961,,
BF,1.79465,12.0191,,
NG,10.5428,7.93608,,
MD,28.7033,45.8995,,
NZ,174.414,-39.3382,,
IT,17.1095,40.6081,,
CL,-69.3683,-20.2427,,
BG,26.3637,43.2251,,
BO,-63.8005,-21.5039,,
PH,120.463,15.4733,,
FR,2.13731,43.8024,,
FR,1.23277,44.0657,,
CV,-23.717,15.2355,,
CV,-24.3493,16.6006,,
ES,0.873012,41.1476,,
EE,26.7967,58.3727,,
SY,36.0901,34.9274,,
MT,14.5088,35.8616,,
TM,58.769,41.3981,,
BT,91.5121,27.676,,
BT,91.734,27.2629,,
UZ,69.9511,41.247,,
UZ,69.2464,41.323,,
NZ,172.675,-41.6713,,
AU,146.603,-42.1383,,
HU,18.4452,47.5667,,
TN,9.88514,32.154,,
RU,50.7364,55.374,,
LT,22.6458,55.2657,,
FI,24.4224,60.9239,,
AM,45.1763,40.8883,,
PH,119.835,4.80751,,
VN,106.14,11.4121,,
MA,-4.21989,34.5526,,
GE,44.845,41.7153,,
MK,21.0174,42.082,,
DZ,7.78338,34.9437,,
IR,51.6548,35.5146,,
TR,27.4547,41.0824,,
IL,34.8091,32.0966,,
NO,8.48804,59.5476,,
MD,28.4349,47.566,,
RO,25.1818,44.0831,,
GB,-2.49356,52.7152,,
GN,-13.3113,10.9156,,
LT,22.1086,56.0398,,
BN,115.191,4.60249,,
SB,168.812,-12.277,,
US,-86.3415,35.7514,,
IT,13.7294,42.6705,,
IT,12.4862,42.5788,,
UA,25.5438,49.4739,,
FR,6.93675,47.6568,,
AZ,46.7929,40.2547,,
ES,-0.809409,40.625,,
LV,23.314,56.425,,
MZ,32.7751,-15.4259,,
MK,20.8947,42.0484,,
US,-98.7607,31.131,,
MV,73.1252,2.19286,,
LS,28.6979,-29.6029,,
VN,106.371,20.5303,,
VN,105.887,21.5812,,
VN,105.215,20.0917,,
AI,-63.0439,18.2173,,
AI,-63.04,18.2299,,
NZ,166.608,-48.0227,,
AI,-63.052,18.2321,,
GR,22.1914,39.5322,,
SN,-16.8671,14.6931,,
BT,89.602,27.4828,,
NZ,172.135,-34.1566,,
VN,107.634,16.312,,
CH,9.14593,47.5858,,
DE,11.0976,50.9052,,
GB,0.381907,51.503,,
MW,35.1071,-16.1135,,
CN,117.347,39.3708,,
DZ,1.55627,34.9048,,
TD,16.6178,21.4716,,
CH,8.79019,46.3604,,
VN,106.217,10.4581,,
AR,-67.5329,-54.3887,,
ET,38.2158,14.1003,,
NE,2.19539,13.8777,,
ML,-3.295,19.9073,,
RO,21.393,45.5963,,
DZ,-5.8285,27.4985,,
MP,145.622,14.9995,,
DZ,2.34141,36.527,,
MR,-8.99419,24.3349,,
AT,11.38,47.2082,,
DZ,1.77868,35.7302,,
ME,18.6898,42.3897,,
DZ,4.19086,36.6814,,
MX,-98.161,19.3956,,
DZ,-1.49045,34.7431,,
BR,-48.2502,-10.223,,
JP,139.786,36.6593,,
TR,36.5724,40.4442,,
NZ,-171.195,-9.34449,,
JP,134.2,33.8546,,
JP,139.407,35.6578,,
BZ,-88.8117,16.3761,,
ES,-3.95134,39.7401,,
CO,-75.2073,3.93749,,
SI,13.8136,46.1456,,
HU,18.5198,46.5078,,
GW,-14.9293,11.2932,,
RU,82.2299,58.4467,,
TO,-175.155,-21.1718,,
BT,90.4811,27.4491,,
RS,21.3637,43.1198,,
VU,167.5,-14.2328,,
GB,-3.56802,50.4496,,
GB,-3.0449,51.6945,,
UG,34.0805,0.737709,,
GT,-91.3884,15.0474,,
JP,133.819,35.3657,,
GN,-11.4677,11.4503,,
MN,106.554,47.1533,,
AZ,45.8238,41.0669,,
GB,-0.0262978,51.5162,,
JP,137.246,36.596,,
TN,8.07434,33.9476,,
VN,106.289,9.82817,,
TR,39.8034,40.7988,,
GB,-2.37777,53.4147,,
TH,99.6467,7.56967,,
UA,23.3868,48.3634,,
MD,29.1574,47.2616,,
IT,12.704,37.8515,,
MR,-14.6057,17.9339,,
TH,102.541,12.3925,,
SI,15.041,46.078,,
BA,18.3391,43.1037,,
SI,15.0537,45.9382,,
UY,-54.1659,-33.1021,,
JM,-77.6163,18.36,,
SK,18.0952,48.8824,,
MY,103.013,4.94214,,
IT,10.9947,46.0415,,
IT,12.2313,45.8092,,
LI,9.5266,47.1001,,
LI,9.54858,47.1284,,
IT,13.7799,45.6866,,
LK,81.0848,8.56202,,
KN,-62.7483,17.3074,,
IN,91.7031,23.8519,,
SH,-12.2667,-37.1226,,
SK,17.6989,48.3422,,
SI,15.8943,46.523,,
NO,19.0835,68.9053,,
VE,-70.5519,9.49508,,
SI,14.3377,46.3883,,
SI,14.5552,46.1259,,
HK,114.12,22.3869,,
WS,-171.752,-13.9415,,
PF,-143.144,-16.7377,,
AR,-65.3387,-26.9711,,
HK,113.991,22.3846,,
LV,23.0121,56.9505,,
RU,37.4161,54.0668,,
RO,28.6227,45.0257,,
PE,-80.6135,-3.88493,,
TT,-61.3254,10.6903,,
TR,39.6357,39.1519,,
EC,-77.7382,-0.624499,,
TN,10.1724,36.7791,,
IT,7.47211,45.1609,,
SI,16.3308,46.6089,,
BN,114.671,4.64496,,
RU,93.9927,51.6051,,
TV,179.903,-9.39381,,
BF,-3.40955,11.3659,,
VN,105.229,22.131,,
BA,18.5549,44.5325,,
RU,34.5445,57.0297,,
RU,68.5186,57.2639,,
NR,166.924,-0.506992,,
TH,105.016,15.0137,,
AZ,47.729,40.3925,,
PE,-73.2493,-9.99816,,
IT,13.1961,46.0839,,
RU,52.7957,57.3433,,
TH,102.882,17.4511,,
AO,15.4475,-6.95896,,
RU,47.3773,53.9248,,
MN,106.967,47.9597,,
ME,19.2564,42.0039,,
KR,129.232,35.4997,,
AE,55.7217,25.5218,,
QA,51.3552,25.4594,,
BA,16.299,44.6409,,
SY,35.8621,33.1509,,
MD,27.9072,47.2556,,
,29.8883,8.99929,,
GY,-58.9648,2.6693,,
GH,-0.779779,10.8183,,
,32.5251,10.3577,,
GM,-14.1857,13.3797,,
GY,-58.2455,5.36479,,
GH,-2.14449,10.404,,
SE,17.7896,60.1522,,
CH,8.63301,46.809,,
,21.1389,42.3481,,
AF,66.0947,32.807,,
AF,66.3011,33.8446,,
TR,29.3636,38.4942,,
CZ,13.8424,50.4996,,
SV,-88.5293,13.4104,,
US,-111.544,39.5007,,
LT,25.622,55.5267,,
TH,99.5275,15.27,,
NL,5.1938,52.0749,,
IN,80.9966,26.7201,,
TH,100.531,17.7188,,
IN,79.2841,30.0576,,
FI,24.8475,60.4179,,
WF,-176.169,-13.2768,,
MN,92.8431,49.6911,,
WS,-171.549,-13.9633,,
MV,73.5082,3.49522,,
MU,57.4908,-20.3024,,
LI,9.51826,47.1469,,
LV,21.8331,56.432,,
WS,-172.701,-13.5561,,
CF,22.2437,9.8017,,
MG,46.8857,-19.7425,,
FR,2.23366,49.0754,,
FR,2.5155,48.7752,,
CH,7.61347,46.2023,,
MK,22.5432,41.2911,,
RO,24.0601,45.0142,,
GB,-3.36772,51.4474,,
ES,-0.712245,39.3003,,
PH,120.991,14.6939,,
EE,26.0733,57.9402,,
LV,26.0635,57.6587,,
ES,-4.83256,41.5715,,
HN,-87.5992,13.5753,,
CO,-76.5923,3.58331,,
CI,-4.85838,8.22668,,
MT,14.511,35.8948,,
LV,25.4161,57.5374,,
CL,-70.936,-32.4884,,
DO,-71.0242,19.5741,,
TR,43.5684,38.5212,,
FR,6.27103,43.4095,,
LV,26.643,56.6336,,
HR,16.3267,46.1918,,
MK,21.8972,41.477,,
,20.4053,60.2456,,
IT,8.75898,45.7876,,
VE,-66.8566,10.5818,,
LV,26.5122,56.2165,,
SE,13.0764,59.8068,,
BG,27.5827,43.2097,,
HU,16.814,47.1693,,
MK,22.6159,41.5436,,
RO,27.7259,46.5225,,
SE,18.3726,64.7048,,
SE,17.3697,62.9145,,
SE,16.4244,59.7979,,
SE,12.8371,58.2428,,
VA,12.4534,41.9034,,
MG,47.921,-21.399,,
FR,5.21543,43.9981,,
CH,6.5118,46.6204,,
CO,-70.5869,0.790971,,
TO,-173.988,-18.6118,,
LK,80.479,8.89756,,
AM,45.4421,39.7183,,
LV,25.7024,57.108,,
LV,24.6268,56.4823,,
SI,15.1364,46.3749,,
MK,21.7157,41.7213,,
SI,16.363,46.5796,,
SI,14.5889,45.8446,,
BG,25.6222,42.8079,,
FR,-1.31827,46.6893,,
IT,12.1647,45.4591,,
LV,21.5869,57.396,,
LV,21.8185,57.3367,,
MX,-96.5953,19.0926,,
PA,-81.1447,8.22553,,
IT,8.34317,46.0739,,
IT,8.15956,45.8416,,
US,-72.7317,44.0886,,
IT,11.0433,45.4528,,
SI,16.1766,46.5804,,
NO,7.30897,58.4481,,
IS,-22.1562,65.7068,,
NO,10.1269,59.3146,,
IS,-21.357,64.8183,,
HU,17.6638,47.1365,,
HU,17.9145,47.123,,
MK,20.5689,41.2362,,
PT,-8.4986,41.9099,,
IT,16.1928,38.6431,,
IT,11.4753,45.712,,
CO,-69.2414,4.89224,,
AU,144.75,-37.0082,,
MT,14.2444,36.0407,,
SI,15.8973,46.3704,,
BG,22.7008,43.8092,,
FR,0.412746,46.5338,,
LA,102.156,18.9186,,
LA,102.563,18.103,,
LV,25.5306,56.2901,,
LC,-60.9438,13.7762,,
PT,-7.64533,41.5279,,
LV,27.6287,57.1775,,
LV,26.8884,56.5518,,
EE,25.5603,58.3005,,
CU,-79.9527,22.601,,
TD,15.0579,12.1413,,
LT,25.1588,54.7338,,
VN,105.969,10.1042,,
VN,105.549,21.3455,,
MK,22.5742,41.8652,,
UA,28.7233,48.9623,,
SI,13.9723,45.8271,,
TL,126.386,-8.8247,,
US,-78.2431,37.7403,,
HR,17.6078,45.7303,,
PT,-7.82745,40.8417,,
SI,15.2954,46.4073,,
BY,28.6747,55.3073,,
IT,11.9706,42.4299,,
,21.3686,42.2996,,
RU,40.6207,55.8966,,
BA,19.0758,44.1968,,
AL,19.7946,40.1908,,
SI,14.4982,46.1726,,
SI,15.31,46.3188,,
RU,44.4488,49.5014,,
RU,40.9333,59.6397,,
GH,0.396325,7.33855,,
UA,24.8444,51.1247,,
AT,9.87375,47.2617,,
GR,25.2262,39.9531,,
RU,40.5223,50.7774,,
EE,26.9602,57.7735,,
FR,6.67053,48.2445,,
RO,26.9802,45.7963,,
MK,21.015,41.4746,,
SI,14.9474,46.2348,,
BG,23.832,43.4325,,
SI,14.2947,45.9491,,
,20.9843,42.792,,
HR,18.9549,45.1467,,
SI,15.1575,46.5669,,
CZ,15.7721,49.4088,,
LY,12.679,26.3564,,
TD,21.5596,15.0457,,
NZ,175.445,-38.0409,,
JP,135.401,33.93,,
UM,166.643,19.2863,,
GB,-1.39089,53.6457,,
UG,32.4268,0.197333,,
BE,4.55466,50.6416,,
GB,-1.95182,52.6018,,
GB,-0.0125518,51.5949,,
HK,114.178,22.2699,,
GB,-0.184208,51.4523,,
BT,90.0915,27.5206,,
SR,-55.1929,5.72606,,
,28.6994,7.85589,,
AF,68.1087,34.4269,,
PL,20.9711,53.8526,,
GB,-2.55468,53.3766,,
BM,-64.8042,32.2658,,
GB,-1.55487,52.168,,
US,-120.361,47.4865,,
IQ,45.5635,32.6139,,
IE,-7.59292,52.199,,
IE,-7.07931,52.2284,,
GQ,10.9267,1.33965,,
NZ,175.2,-41.2275,,
IR,45.6734,36.6666,,
,26.3804,7.31134,,
,35.2918,32.003,,
IN,87.7289,23.0523,,
GB,-1.2949,51.4529,,
BA,16.8584,43.9773,,
GM,-16.3138,13.2212,,
NZ,170.402,-43.362,,
GB,-4.47635,55.9884,,
AI,-63.1384,18.1865,,
,28.6169,5.41296,,
BE,3.02202,51.0312,,
BS,-78.9085,26.6389,,
BA,17.4063,43.3908,,
KZ,50.5145,49.8909,,
GB,-3.60556,55.8947,,
PG,149.813,-5.91003,,
PL,15.5906,53.5878,,
GB,-0.457938,50.9489,,
US,-80.7128,38.6422,,
AS,-170.768,-14.3241,,
FJ,174.61,-21.6878,,
GH,-2.34206,5.70024,,
KE,34.5306,0.537049,,
PG,142.01,-7.48919,,
RW,29.2644,-2.13156,,
SB,157.551,-8.72999,,
SL,-13.0935,8.31041,,
ZM,23.7642,-15.7815,,
AU,121.646,-25.8483,,
ZA,20.9745,-33.5035,,
SD,23.0863,14.2109,,
PG,144.404,-5.77031,,
,-12.8924,23.813,,
TT,-60.7709,11.1959,,
IE,-7.4553,53.5252,,
GB,-0.161651,51.5115,,
JM,-78.1303,18.2678,,
IE,-6.58517,52.4423,,
SD,32.3633,13.5951,,
IE,-6.38849,52.9947,,
AT,16.3798,48.2247,,
GB,-2.60574,53.5317,,
GB,-1.91891,51.3289,,
PF,-149.519,-17.7462,,
US,-89.5831,44.3709,,
GB,-0.90795,51.4019,,
GB,-2.1108,52.5958,,
HK,114.215,22.3432,,
GB,-2.2004,52.21,,
CI,-6.28956,8.49071,,
GA,11.8313,1.43947,,
GB,-3.0538,53.017,,
US,-107.552,42.9999,,
AZ,48.7701,41.5198,,
MT,14.272,36.0506,,
LA,101.143,17.7502,,
AZ,46.295,40.4627,,
LA,106.982,15.6414,,
MT,14.2656,36.03,,
MT,14.5457,35.8816,,
LA,103.46,19.5113,,
CN,85.4253,41.122,,
CN,88.4137,31.4515,,
AZ,49.154,40.7249,,
AZ,46.6804,39.8925,,
AZ,46.99,39.6307,,
BF,0.664784,13.3228,,
TH,101.218,6.14264,,
TR,29.2036,40.6154,,
JP,140.084,38.4024,,
JP,131.645,34.2154,,
RU,75.1874,65.4117,,
JP,138.645,35.6149,,
BG,26.6096,42.2935,,
MM,96.111,17.1117,,
FM,138.114,9.58101,,
LK,79.6933,9.50669,,
VE,-68.7447,10.3466,,
AZ,48.269,38.866,,
NR,166.925,-0.543159,,
RU,39.2547,57.7329,,
TH,104.324,16.0225,,
BF,-2.32529,13.6813,,
HK,114.169,22.3128,,
IR,55.5242,32.7074,,
VN,104.512,21.7484,,
AZ,47.1503,40.6019,,
AZ,46.9101,40.6958,,
RU,132.758,48.64,,
TW,121.644,24.5913,,
NG,11.5881,12.3156,,
ID,110.443,-7.83533,,
GN,-9.08019,7.61555,,
FR,3.64262,47.7715,,
GB,-1.07785,53.9488,,
HN,-87.206,15.233,,
TR,35.1328,39.5476,,
KG,77.9472,42.0387,,
MX,-88.9836,20.663,,
HK,114.058,22.4415,,
CA,-135.7,63.6088,,
UG,31.2996,3.52312,,
TW,120.427,23.7253,,
CN,101.661,24.4603,,
FR,1.90058,48.8191,,
MT,14.5397,35.8718,,
ME,19.2003,43.1148,,
AF,67.1401,32.4033,,
GT,-89.5127,15.0329,,
MX,-102.579,23.3785,,
HR,15.7536,44.2007,,
TN,9.96916,36.3427,,
HR,15.5948,45.7203,,
AO,13.6096,-6.78301,,
MK,20.8849,41.6012,,
RS,22.1524,43.6834,,
HU,16.7964,46.6712,,
HU,16.8447,46.8452,,
SI,15.1651,46.2587,,
PH,120.164,15.0499,,
MZ,37.1305,-16.4213,,
PH,122.055,7.03966,,
PH,122.73,8.02743,,
PH,123.309,7.84487,,
PH,122.926,7.7136,,
NG,6.12834,12.0084,,
ES,-5.84292,41.6837,,
EC,-78.8595,-3.93679,,
IR,48.2959,36.3989,,
CI,-3.41485,8.60755,,
TZ,39.4241,-6.2741,,
TZ,39.2425,-6.1537,,
RS,19.2283,45.7092,,
UA,35.7123,47.3346,,
AZ,46.654,41.5666,,
ES,-1.0538,41.5814,,
JO,36.8284,31.8095,,
SI,14.924,46.1454,,
SI,16.0599,46.3824,,
MT,14.4365,35.8713,,
MT,14.2488,36.0625,,
NL,3.78515,51.2837,,
MT,14.5324,35.8539,,
MK,21.5518,41.8091,,
SI,14.1184,46.2279,,
MK,21.1277,41.9157,,
AZ,46.6305,39.0904,,
BA,18.2479,44.2843,,
AZ,47.6936,40.2395,,
SI,15.8193,46.2837,,
KZ,72.4888,44.3152,,
CN,119.97,29.1084,,
UA,28.4643,50.6898,,
SN,-16.3435,12.4818,,
SK,19.2076,49.1656,,
LV,28.1072,56.3391,,
NE,9.66231,14.5314,,
TR,31.8206,41.2481,,
SI,14.1084,46.0459,,
BF,-1.83187,11.6131,,
SI,14.1816,46.4111,,
RS,19.7284,43.6263,,
CZ,17.7745,49.1837,,
MW,35.4256,-15.4526,,
UG,30.9019,2.54111,,
BF,-2.38127,13.1939,,
BJ,2.09135,7.22681,,
BF,-0.940234,11.5711,,
SI,15.3705,46.3914,,
MK,22.4027,41.8224,,
,20.662,42.9245,,
CH,8.54747,47.1578,,
NL,4.52252,52.0075,,
VE,-72.5482,9.58469,,
CH,8.6609,47.4297,,
MT,14.4822,35.823,,
SI,14.9443,45.8184,,
,20.7736,42.9494,,
AI,-63.4262,18.5982,,
AQ,-170.343,-83.0384,,
BZ,-88.2564,16.1059,,
CA,-61.4664,47.7941,,
CO,-81.5928,3.97794,,
CU,-77.8912,20.5697,,
DJ,43.1889,11.7227,,
EG,36.6461,22.2634,,
ER,42.9412,12.8337,,
ES,-4.29939,35.1721,,
EE,22.5034,58.1495,,
FJ,-179.912,-15.7332,,
GG,-2.45016,49.4748,,
HR,16.3392,42.3759,,
ID,104.223,-1.04563,,
IN,79.0729,9.19759,,
IE,-9.50249,51.4358,,
IR,55.3044,26.2642,,
JP,134.07,34.481,,
KZ,50.5921,44.8058,,
KI,-174.511,-4.68967,,
KR,126.592,34.1079,,
MX,-89.6633,22.3858,,
MM,97.9665,9.62024,,
MR,-16.528,19.9222,,
MY,103.426,1.32683,,
NC,158.322,-19.8645,,
NL,6.58826,53.5413,,
NO,6.57617,58.2246,,
,-1.29999e-08,2.60001e-08,,
PH,120.005,4.98627,,
PG,152.071,-4.11092,,
KP,125.648,37.7355,,
RU,67.2613,68.7999,,
SA,41.6833,16.9326,,
SB,159.413,-5.10703,,
,43.4598,11.4559,,
SE,12.6979,55.9059,,
TH,99.2992,6.53959,,
TN,10.8066,37.1289,,
TR,29.658,36.1327,,
TV,179.501,-10.7697,,
VE,-63.6388,15.699,,
VN,104.835,8.42956,,
YE,42.1753,15.0588,,
